id,score,treated,y
1,-0.742568,0,2.456955
2,0.686288,1,7.999109
3,-0.803475,0,1.897704
4,0.736118,1,8.366813
5,-0.659313,0,2.243543
6,-0.087769,0,3.406197
7,0.578937,1,8.139064
8,-0.463411,0,4.087201
9,0.904662,1,10.584749
10,-0.864908,0,1.141225
11,0.128267,1,7.860963
12,0.668036,1,8.120886
13,-0.244732,0,3.223441
14,0.963104,1,10.230892
15,-0.906595,0,2.793529
16,0.489487,1,7.213241
17,0.797126,1,8.78008
18,-0.10476,0,4.852276
19,0.247158,1,7.28299
20,-0.540581,0,3.149218
21,0.699338,1,9.932694
22,0.60676,1,8.417311
23,0.967045,1,11.752216
24,-0.595536,0,3.928653
25,-0.858885,0,0.656805
26,-0.917402,0,2.592031
27,-0.109166,0,4.347166
28,0.348017,1,6.152313
29,0.857603,1,8.764196
30,0.634214,1,9.614925
31,-0.198504,0,4.321741
32,0.667215,1,8.101136
33,0.242425,1,6.908637
34,-0.133143,0,4.355467
35,0.818146,1,10.047579
36,-0.066203,0,5.904737
37,-0.746339,0,2.983646
38,0.80134,1,9.129554
39,-0.717816,0,2.74586
40,-0.218749,0,4.66201
41,0.670334,1,6.848607
42,-0.263723,0,4.508129
43,-0.769968,0,2.631995
44,-0.002101,0,4.250371
45,0.189335,1,7.415486
46,0.200138,1,6.954273
47,0.787654,1,9.876097
48,-0.07085,0,6.091909
49,0.621078,1,7.450757
50,-0.474478,0,3.606073
51,0.367927,1,5.178442
52,-0.579019,0,4.797075
53,0.463656,1,7.849645
54,0.004681,1,6.649752
55,-0.145673,0,4.957058
56,0.730677,1,7.474836
57,0.246379,1,5.879434
58,0.089274,1,7.075218
59,0.676067,1,9.187007
60,0.247964,1,7.099776
61,0.958865,1,8.494472
62,0.451984,1,7.270589
63,-0.726547,0,2.48197
64,-0.50529,0,6.662521
65,-0.330992,0,5.306495
66,0.279919,1,6.12649
67,0.716387,1,8.116957
68,-0.334612,0,3.886935
69,-0.234893,0,3.758596
70,-0.637059,0,3.191321
71,-0.363919,0,4.003666
72,0.815477,1,10.367557
73,-0.405049,0,4.228106
74,-0.492926,0,3.368581
75,-0.386186,0,2.727096
76,0.477575,1,6.861537
77,-0.101064,0,4.474511
78,-0.186052,0,4.832893
79,0.277381,1,6.148456
80,0.510057,1,7.725007
81,0.67649,1,8.790345
82,-0.071192,0,3.8297
83,-0.492126,0,3.090081
84,0.451272,1,8.107736
85,0.735757,1,8.598909
86,0.276874,1,7.938085
87,-0.571749,0,3.491249
88,-0.704959,0,0.119552
89,0.858033,1,8.863516
90,0.614513,1,7.83079
91,0.02952,1,6.151826
92,0.481909,1,7.974628
93,0.492609,1,8.373178
94,-0.714203,0,3.44763
95,-0.302197,0,5.285234
96,-0.633707,0,3.957038
97,-0.88683,0,3.829276
98,-0.829328,0,2.69414
99,-0.053587,0,5.171628
100,-0.366397,0,4.215765
101,0.447263,1,7.913948
102,0.746261,1,9.294686
103,-0.744402,0,2.721792
104,-0.383637,0,3.079548
105,-0.290459,0,4.856885
106,-0.122259,0,4.292885
107,-0.571478,0,4.038689
108,0.713452,1,8.818235
109,0.978079,1,8.805268
110,-0.21733,0,4.520941
111,-0.636157,0,3.612501
112,0.493912,1,8.300639
113,-0.090516,0,5.721728
114,0.4207,1,8.540253
115,-0.815539,0,2.403226
116,0.059622,1,5.753935
117,-0.956017,0,3.334459
118,0.316971,1,7.026729
119,0.391629,1,7.864237
120,0.579116,1,8.339704
121,-0.527648,0,4.352451
122,0.097036,1,6.807314
123,0.734893,1,8.116333
124,-0.602512,0,1.439105
125,0.117291,1,4.681819
126,0.86976,1,9.696724
127,0.565446,1,8.976045
128,-0.349818,0,4.431507
129,0.343664,1,6.755816
130,0.668305,1,8.426923
131,0.979918,1,9.717505
132,0.012809,1,6.990014
133,-0.706905,0,1.740301
134,0.055869,1,6.932353
135,0.958286,1,11.304764
136,-0.253308,0,5.223499
137,-0.090387,0,5.154211
138,0.452683,1,7.363077
139,0.66568,1,9.676489
140,0.054119,1,5.990747
141,-0.589348,0,4.292839
142,0.609379,1,8.393006
143,0.296889,1,7.79801
144,-0.391544,0,3.885339
145,-0.665609,0,2.341855
146,-0.694326,0,3.65484
147,-0.188975,0,4.29702
148,-0.698673,0,2.506236
149,-0.794774,0,2.411876
150,0.747236,1,8.60252
151,0.481498,1,5.704492
152,0.237956,1,7.301132
153,-0.54837,0,3.918812
154,0.48601,1,7.915211
155,-0.41041,0,5.249989
156,-0.247744,0,5.645244
157,0.387686,1,6.132367
158,-0.946514,0,2.045988
159,0.257337,1,8.278763
160,0.603383,1,7.436731
161,0.303715,1,7.469002
162,0.442928,1,7.40891
163,-0.853483,0,0.365921
164,-0.284806,0,2.884047
165,0.170391,1,6.568568
166,-0.089699,0,4.875208
167,-0.630459,0,4.218559
168,0.233033,1,6.789262
169,-0.890578,0,1.385851
170,0.31622,1,6.443884
171,0.195977,1,8.364847
172,-0.042296,0,5.686646
173,0.778735,1,11.067604
174,0.734234,1,7.415653
175,0.581286,1,7.76886
176,-0.040058,0,5.565879
177,-0.405306,0,5.25333
178,0.187133,1,8.170507
179,0.433981,1,8.837721
180,0.587761,1,7.709715
181,0.72767,1,8.791444
182,-0.562262,0,5.875158
183,0.777187,1,7.649113
184,0.057489,1,7.080202
185,-0.033388,0,5.524943
186,0.333371,1,7.144689
187,0.359609,1,7.487277
188,-0.537043,0,2.184627
189,-0.264317,0,5.05174
190,-0.770882,0,1.299669
191,-0.901665,0,0.845054
192,0.161446,1,8.25247
193,0.710757,1,6.762975
194,-0.336315,0,4.817181
195,-0.911021,0,1.61429
196,-0.011436,0,5.088491
197,-0.790015,0,0.498304
198,-0.441298,0,3.106193
199,-0.107264,0,3.673026
200,-0.838681,0,1.97244
201,0.716269,1,8.134602
202,0.139678,1,7.267901
203,-0.633958,0,4.289206
204,0.755722,1,8.951432
205,-0.093577,0,4.7998
206,0.137953,1,5.937616
207,-0.367029,0,3.618657
208,-0.981093,0,2.244049
209,-0.53857,0,1.100646
210,0.43668,1,7.273392
211,-0.218965,0,5.240244
212,-0.928396,0,1.032627
213,0.925335,1,11.160212
214,-0.355488,0,4.725172
215,-0.480083,0,4.89575
216,0.992867,1,9.948751
217,-0.721083,0,2.099614
218,-0.09265,0,5.188597
219,-0.670415,0,3.032636
220,-0.037662,0,5.981758
221,0.960102,1,11.453288
222,0.378377,1,7.59184
223,0.104919,1,7.703564
224,0.865762,1,11.744314
225,-0.699318,0,3.993553
226,-0.521369,0,6.059759
227,-0.792525,0,-1.108646
228,0.452472,1,9.887335
229,0.822536,1,7.780821
230,0.152243,1,4.215893
231,0.510311,1,7.679368
232,0.507373,1,7.527638
233,0.103451,1,6.992837
234,0.784998,1,8.208847
235,-0.464707,0,3.123375
236,0.05656,1,5.025505
237,0.585274,1,9.209498
238,0.783172,1,9.124474
239,-0.664367,0,2.038674
240,0.915419,1,9.432384
241,0.766967,1,9.147193
242,-0.357223,0,3.57193
243,0.111813,1,6.376776
244,-0.863489,0,1.59356
245,-0.686475,0,2.629965
246,-0.749445,0,1.21277
247,0.848825,1,8.629428
248,-0.704932,0,3.831086
249,-0.183429,0,3.483212
250,-0.622624,0,3.397536
251,-0.20933,0,4.519615
252,0.658749,1,8.994297
253,-0.065737,0,4.754363
254,-0.090964,0,4.134062
255,0.831297,1,9.967017
256,-0.051315,0,5.435677
257,0.660738,1,9.505319
258,-0.316513,0,2.89866
259,-0.025471,0,5.033005
260,-0.501348,0,5.066672
261,0.308299,1,7.140113
262,0.715905,1,10.192668
263,0.75035,1,8.68834
264,-0.52531,0,2.885759
265,0.360489,1,7.096916
266,-0.120823,0,5.181226
267,-0.19225,0,6.882575
268,0.028358,1,7.465246
269,0.140646,1,7.010229
270,0.266071,1,6.970071
271,-0.172939,0,3.902857
272,0.37765,1,8.401622
273,-0.516201,0,3.211145
274,0.404643,1,7.204265
275,0.355516,1,7.022343
276,0.627152,1,8.390158
277,-0.137502,0,4.028745
278,0.822244,1,10.184742
279,0.507287,1,6.892824
280,0.958949,1,10.008012
281,-0.772016,0,3.460445
282,0.025526,1,5.460881
283,-0.518877,0,1.972875
284,-0.576815,0,3.473792
285,-0.967468,0,1.593976
286,0.478367,1,8.249888
287,-0.362398,0,5.496926
288,0.879887,1,9.041867
289,0.258002,1,6.354165
290,-8.3e-05,0,6.411071
291,-0.548389,0,2.42371
292,0.569721,1,5.802751
293,0.945267,1,11.315925
294,0.987268,1,9.31273
295,0.933555,1,9.895826
296,0.365625,1,6.627128
297,0.658349,1,8.26737
298,0.52633,1,8.383555
299,0.778737,1,9.247692
300,-0.903987,0,0.998864
301,-0.19739,0,5.228296
302,0.206739,1,6.475622
303,-0.486889,0,5.54543
304,0.739743,1,9.028916
305,0.504992,1,7.34055
306,-0.350068,0,3.61002
307,0.491859,1,7.670047
308,-0.863967,0,0.942551
309,-0.547534,0,4.171668
310,0.762828,1,10.269586
311,-0.677003,0,2.046042
312,-0.322347,0,3.069385
313,0.257876,1,7.058791
314,-0.459193,0,4.171689
315,-0.543849,0,1.657713
316,-0.720885,0,2.208982
317,0.058322,1,6.23016
318,-0.471305,0,4.143169
319,-0.747163,0,3.384039
320,0.488721,1,8.845638
321,-0.657343,0,1.072044
322,0.487963,1,9.094749
323,0.714975,1,8.474115
324,-0.139708,0,3.910569
325,0.755306,1,8.70906
326,-0.522963,0,3.87211
327,-0.602826,0,1.905668
328,-0.648058,0,3.616348
329,0.497219,1,7.712725
330,-0.549676,0,1.904264
331,0.817442,1,10.181135
332,-0.879807,0,1.744535
333,0.934876,1,11.426698
334,0.496675,1,5.460182
335,0.543599,1,8.550445
336,-0.033864,0,4.429436
337,-0.679333,0,4.64589
338,-0.045159,0,5.071108
339,0.121409,1,6.30489
340,0.697237,1,5.892318
341,0.045171,1,5.963962
342,0.541084,1,6.952817
343,-0.661261,0,3.309338
344,-0.610506,0,2.306437
345,0.052844,1,4.812649
346,-0.265432,0,4.071844
347,-0.116672,0,4.268543
348,-0.266265,0,2.956031
349,-0.083435,0,5.16475
350,0.262199,1,6.478631
351,0.986564,1,8.526919
352,0.123827,1,8.575414
353,0.478535,1,8.70497
354,-0.396944,0,4.969225
355,-0.291894,0,3.36453
356,-0.429356,0,5.160168
357,0.251707,1,7.892468
358,-0.69803,0,3.430645
359,0.263799,1,7.497545
360,0.372292,1,6.854163
361,-0.321785,0,4.606026
362,-0.010241,0,5.654716
363,-0.236988,0,4.120195
364,-0.83575,0,2.797247
365,-0.087488,0,4.9515
366,0.696035,1,8.348697
367,-0.227012,0,4.517176
368,-0.923644,0,0.580862
369,0.395767,1,6.558118
370,-0.40127,0,4.877071
371,0.558969,1,7.110584
372,-0.468071,0,2.570878
373,-0.188715,0,5.998807
374,0.718469,1,9.388663
375,-0.555672,0,3.009095
376,-0.387862,0,4.871807
377,-0.109974,0,6.996297
378,-0.463352,0,4.60886
379,0.696765,1,7.952271
380,0.379757,1,7.565179
381,0.708583,1,9.037222
382,0.570113,1,8.40912
383,-0.739582,0,5.021748
384,0.037125,1,6.038074
385,0.036287,1,6.748006
386,0.068789,1,6.437579
387,0.558005,1,8.331557
388,-0.944994,0,0.937656
389,0.078128,1,5.4727
390,0.720634,1,8.94321
391,0.974207,1,11.395195
392,0.908418,1,8.923464
393,0.476425,1,9.468
394,0.232786,1,8.146157
395,-0.367169,0,4.515623
396,0.231951,1,6.814841
397,0.233919,1,6.440676
398,-0.552486,0,5.104274
399,-0.587441,0,4.450183
400,-0.375475,0,3.998549
401,-0.386067,0,4.226463
402,0.602171,1,7.490531
403,0.606491,1,8.474407
404,0.261923,1,6.760307
405,-0.062681,0,4.703058
406,-0.07012,0,4.093457
407,-0.687018,0,3.511326
408,-0.551656,0,2.836671
409,-0.733238,0,3.499073
410,-0.384539,0,5.144099
411,0.683344,1,7.860837
412,0.966256,1,10.74394
413,-0.491659,0,5.711929
414,-0.757134,0,1.454275
415,0.997939,1,12.166273
416,-0.211875,0,4.383508
417,-0.769331,0,1.73249
418,-0.751821,0,0.466705
419,-0.8822,0,1.555222
420,-0.72094,0,2.805471
421,0.224421,1,6.601422
422,-0.534228,0,5.530894
423,-0.898904,0,1.798624
424,-0.40907,0,5.202403
425,0.104645,1,8.272103
426,0.302088,1,7.176615
427,-0.338436,0,3.425985
428,0.402063,1,6.56634
429,0.371978,1,6.613264
430,-0.071218,0,4.747353
431,0.662015,1,7.140372
432,0.193179,1,8.795619
433,-0.259568,0,3.414386
434,-0.841628,0,3.402141
435,0.241975,1,5.055047
436,-0.094849,0,7.244643
437,-0.802158,0,2.310729
438,-0.431128,0,2.174607
439,0.697193,1,8.239454
440,0.985098,1,9.498721
441,-0.584289,0,2.968014
442,-0.577766,0,1.642011
443,-0.411061,0,3.270333
444,-0.831929,0,4.921774
445,0.383531,1,6.361862
446,-0.634302,0,3.07415
447,-0.087191,0,6.772254
448,-0.961483,0,2.65472
449,0.628605,1,8.696723
450,0.77497,1,8.071166
451,0.926656,1,7.789775
452,0.141748,1,5.976165
453,-0.85138,0,2.869965
454,-0.653898,0,2.893904
455,-0.392606,0,4.365664
456,-0.46616,0,2.90138
457,-0.965414,0,2.878421
458,-0.567494,0,3.114392
459,-0.947742,0,1.686437
460,0.129409,1,7.799397
461,-0.94127,0,-1.552759
462,0.327717,1,6.545443
463,-0.435154,0,1.534161
464,-0.839581,0,0.362387
465,-0.569567,0,2.301848
466,0.125934,1,7.110995
467,-0.710111,0,2.606122
468,-0.270842,0,4.67669
469,-0.116512,0,4.367959
470,0.119673,1,7.461324
471,-0.277132,0,4.99421
472,-0.538808,0,3.810614
473,0.288872,1,6.791409
474,0.864938,1,9.627628
475,0.720213,1,7.463221
476,0.774734,1,8.379202
477,-0.624113,0,0.332552
478,0.314678,1,6.252349
479,-0.035442,0,4.993144
480,0.428455,1,6.623642
481,-0.846207,0,2.547418
482,-0.793147,0,5.131695
483,0.784214,1,7.546019
484,-0.180183,0,5.885658
485,-0.074468,0,3.788773
486,0.413823,1,8.297264
487,0.434144,1,7.182144
488,-0.561912,0,3.245714
489,-0.48976,0,3.843766
490,-0.176545,0,5.445776
491,-0.542038,0,4.403278
492,0.263575,1,7.116657
493,0.557948,1,9.479159
494,0.185232,1,7.897186
495,-0.492523,0,5.103047
496,0.229051,1,7.571873
497,0.199048,1,5.927203
498,-0.731541,0,3.089532
499,-0.079485,0,5.170521
500,0.724468,1,8.245073
501,0.583947,1,8.020273
502,0.031244,1,6.609187
503,0.159555,1,6.21514
504,-0.131342,0,5.119155
505,-0.699315,0,2.650771
506,-0.055749,0,3.998101
507,0.348342,1,8.523134
508,0.584627,1,7.426291
509,-0.359755,0,5.706469
510,-0.122127,0,4.487827
511,-0.734199,0,3.886043
512,-0.878935,0,1.677616
513,0.415586,1,7.645433
514,0.561482,1,7.85555
515,-0.111986,0,2.013467
516,-0.873744,0,0.814167
517,-0.159954,0,5.782291
518,0.083168,1,5.998512
519,0.243676,1,6.691746
520,-0.974571,0,2.336077
521,-0.741479,0,4.172748
522,-0.00673,0,5.455911
523,0.275585,1,5.611893
524,0.928804,1,11.900821
525,0.889218,1,11.677211
526,0.841869,1,8.908304
527,-0.43905,0,1.766855
528,0.048708,1,7.747027
529,-0.929859,0,3.014411
530,0.867043,1,7.739306
531,0.166589,1,8.365833
532,-0.690743,0,4.233514
533,-0.325132,0,4.181382
534,0.476483,1,7.979523
535,-0.074987,0,6.392783
536,-0.268385,0,4.059647
537,-0.110041,0,4.13528
538,0.256786,1,7.395823
539,-0.872621,0,0.729113
540,0.375533,1,6.897953
541,-0.683135,0,3.194154
542,0.16649,1,6.770007
543,0.804402,1,9.367284
544,0.567849,1,9.702581
545,-0.917919,0,1.58005
546,-0.696396,0,4.363671
547,-0.412342,0,3.758413
548,0.006899,1,6.951788
549,0.668165,1,9.505112
550,-0.159067,0,5.472666
551,-0.953509,0,1.619178
552,-0.827631,0,3.780877
553,0.910828,1,7.576197
554,-0.192669,0,3.749649
555,0.399918,1,6.14296
556,-0.065964,0,4.579797
557,0.249941,1,5.916412
558,-0.593685,0,2.930955
559,-0.37783,0,4.232249
560,0.746837,1,8.903636
561,0.193866,1,7.25963
562,-0.634004,0,3.696837
563,-0.879765,0,4.603606
564,-0.487292,0,3.554488
565,-0.763201,0,2.113841
566,0.291607,1,8.418927
567,-0.106258,0,5.046905
568,-0.692115,0,4.198776
569,0.298265,1,5.568831
570,-0.927611,0,2.433598
571,0.126864,1,7.406642
572,0.430916,1,8.690873
573,0.535802,1,9.251123
574,-0.684502,0,2.645498
575,0.469862,1,8.826779
576,0.342733,1,8.046587
577,-0.031694,0,4.653625
578,0.310588,1,6.491126
579,-0.202096,0,4.704461
580,0.981457,1,8.687874
581,0.915687,1,9.36118
582,0.118051,1,6.053903
583,0.575805,1,8.408207
584,0.804041,1,7.743403
585,-0.6857,0,0.973207
586,-0.884181,0,1.184265
587,-0.14698,0,5.833385
588,-0.074133,0,6.636762
589,-0.023282,0,4.392407
590,-0.96719,0,1.17
591,-0.762572,0,3.170405
592,0.229469,1,6.516263
593,-0.326941,0,4.081705
594,-0.775956,0,1.685068
595,-0.192086,0,3.931236
596,0.633897,1,9.354272
597,-0.651174,0,2.147013
598,0.523188,1,8.495461
599,-0.042802,0,4.840241
600,0.303902,1,6.740111
601,0.741956,1,9.137751
602,-0.373494,0,4.452205
603,-0.728009,0,3.992456
604,0.972807,1,10.145729
605,0.789608,1,8.152679
606,0.23844,1,6.289271
607,0.220256,1,6.67106
608,0.871125,1,9.165548
609,0.868092,1,9.732444
610,0.872158,1,10.133279
611,0.185577,1,6.077481
612,-0.306127,0,3.665002
613,-0.707448,0,3.529219
614,0.66799,1,9.736715
615,0.524975,1,6.011932
616,0.93566,1,9.741767
617,-0.898689,0,3.366163
618,0.741019,1,7.534916
619,0.703341,1,7.177562
620,-0.314488,0,2.172327
621,-0.820145,0,0.758742
622,0.889015,1,11.273095
623,0.07147,1,5.930739
624,-0.549568,0,3.776351
625,-0.515426,0,4.063084
626,0.608113,1,10.300945
627,0.972581,1,8.902705
628,-0.013111,0,4.462217
629,-0.039237,0,5.473896
630,0.086645,1,5.806699
631,0.788186,1,9.679952
632,0.469865,1,8.599065
633,0.167747,1,6.372711
634,-0.588243,0,3.689049
635,0.816664,1,7.568377
636,0.79444,1,8.709524
637,0.873279,1,9.240354
638,-0.336452,0,3.24056
639,-0.316254,0,2.619266
640,-0.151153,0,3.860559
641,-0.107334,0,3.819873
642,0.15092,1,6.008586
643,0.954367,1,10.193617
644,0.282679,1,7.316857
645,-0.853792,0,1.965294
646,-0.754115,0,2.010295
647,0.95881,1,8.833368
648,0.465067,1,9.714538
649,0.27459,1,7.244081
650,-0.773769,0,3.729033
651,-0.937387,0,2.150902
652,0.46634,1,7.778926
653,0.200188,1,7.911495
654,-0.158676,0,4.468433
655,0.998043,1,10.730197
656,0.108402,1,6.724974
657,-0.876359,0,1.317047
658,0.821026,1,10.100532
659,-0.16181,0,5.686163
660,0.738559,1,8.327429
661,-0.944769,0,0.318784
662,0.386569,1,7.431961
663,0.253455,1,7.388144
664,-0.637703,0,2.312368
665,-0.081943,0,5.002176
666,0.992555,1,8.868009
667,-0.433864,0,2.908024
668,0.50617,1,7.487067
669,-0.219605,0,4.924117
670,0.729623,1,10.134799
671,0.418061,1,6.493971
672,0.182244,1,8.193616
673,0.719552,1,9.696595
674,0.115686,1,5.738674
675,0.002699,1,6.674733
676,0.351363,1,7.226191
677,-0.429647,0,3.614428
678,0.141763,1,6.516105
679,0.184901,1,7.647477
680,-0.560068,0,3.812543
681,0.406878,1,8.505121
682,-0.09057,0,4.47596
683,0.038993,1,9.112425
684,0.948198,1,12.919399
685,-0.651626,0,3.796518
686,0.849193,1,9.933964
687,0.242199,1,8.752555
688,0.995969,1,9.968065
689,-0.738393,0,3.263387
690,0.784202,1,7.601743
691,-0.082224,0,4.756708
692,0.186803,1,7.164372
693,-0.033389,0,4.103843
694,-0.351181,0,4.988986
695,-0.444235,0,3.180072
696,0.790371,1,8.01511
697,0.025243,1,7.483415
698,-0.399602,0,2.322775
699,0.539765,1,7.97999
700,-0.295536,0,3.085825
701,0.988641,1,8.973797
702,0.207934,1,7.166584
703,0.03039,1,7.882265
704,0.653807,1,7.134403
705,-0.970875,0,1.189137
706,0.941255,1,10.631065
707,0.880011,1,9.426688
708,0.907535,1,10.312767
709,-0.135967,0,4.147409
710,-0.270851,0,4.479499
711,-0.310842,0,5.67974
712,0.869617,1,8.348491
713,0.382232,1,6.874353
714,0.274626,1,6.397842
715,-0.976782,0,0.99172
716,0.201728,1,7.328051
717,0.806794,1,9.048776
718,-0.276517,0,4.083829
719,-0.11989,0,3.960524
720,-0.856555,0,3.781538
721,0.981407,1,9.087647
722,-0.277651,0,5.314725
723,0.250231,1,7.920704
724,0.936005,1,9.394218
725,-0.618318,0,3.871488
726,-0.798919,0,2.84904
727,0.255743,1,6.974432
728,0.068766,1,7.37556
729,0.299384,1,7.573565
730,-0.752954,0,4.528175
731,-0.521017,0,4.255119
732,-0.339986,0,4.601847
733,0.101891,1,4.615141
734,-0.913198,0,3.054991
735,0.873721,1,11.078686
736,0.599984,1,8.102129
737,0.617279,1,7.187106
738,-0.985388,0,2.847821
739,-0.931133,0,1.626664
740,-0.979635,0,1.39335
741,-0.19415,0,3.67246
742,0.19034,1,4.604393
743,-0.131693,0,3.148518
744,0.414347,1,7.167464
745,-0.14953,0,4.359294
746,-0.092215,0,4.733285
747,-0.979697,0,0.852556
748,-0.641465,0,1.665211
749,-0.275305,0,2.955502
750,-0.095863,0,4.643696
751,0.11022,1,8.53473
752,0.77604,1,9.393913
753,-0.346165,0,4.557596
754,0.268575,1,7.932711
755,-0.454844,0,4.711138
756,-0.155594,0,4.469684
757,0.398274,1,6.421085
758,-0.93196,0,-0.405475
759,0.239609,1,7.374436
760,0.041161,1,5.548551
761,-0.955789,0,1.57049
762,-0.806181,0,1.964613
763,-0.472394,0,5.243655
764,-0.514632,0,4.892767
765,0.896664,1,9.773036
766,0.51282,1,8.963207
767,-0.949869,0,0.838128
768,-0.23616,0,5.383737
769,0.107664,1,5.183801
770,0.339594,1,5.170458
771,-0.436329,0,2.858575
772,0.495582,1,8.396439
773,-0.586692,0,2.670376
774,-0.703335,0,2.561125
775,0.385392,1,5.597011
776,0.383145,1,8.160978
777,-0.709879,0,0.912852
778,-0.706238,0,3.207824
779,0.783061,1,10.409542
780,0.076548,1,4.871151
781,0.62575,1,6.805594
782,-0.670087,0,1.768793
783,-0.535877,0,4.465328
784,-0.747129,0,2.225194
785,-0.460177,0,4.309335
786,-0.258888,0,5.812
787,-0.998277,0,0.951252
788,0.082701,1,6.275658
789,0.770895,1,10.503359
790,0.329782,1,7.915195
791,-0.620242,0,2.351737
792,-0.84038,0,0.857439
793,0.367428,1,6.660834
794,0.710505,1,8.066245
795,-0.745213,0,3.328491
796,-0.061527,0,4.360489
797,0.093205,1,6.27801
798,-0.098739,0,5.440434
799,-0.820655,0,1.88037
800,0.787027,1,8.535901
801,0.293241,1,7.789159
802,0.509123,1,7.442232
803,-0.743812,0,4.207092
804,0.995201,1,13.589195
805,-0.823892,0,2.47849
806,0.247745,1,6.773642
807,-0.916146,0,2.812967
808,-0.140112,0,5.036125
809,0.97583,1,11.357404
810,0.481132,1,7.521012
811,0.033695,1,6.340634
812,0.587086,1,8.972222
813,0.361484,1,7.406533
814,-0.695697,0,2.396408
815,0.870507,1,11.34154
816,0.044537,1,5.729684
817,-0.658934,0,4.367732
818,-0.33167,0,5.446169
819,0.462666,1,9.790631
820,-0.656704,0,2.458726
821,-0.521925,0,3.726509
822,-0.763362,0,2.637212
823,0.941502,1,8.999313
824,0.356538,1,9.045206
825,0.751152,1,9.001502
826,-0.649953,0,3.341012
827,0.205257,1,5.456157
828,-0.476123,0,4.782655
829,-0.876048,0,2.093906
830,0.852201,1,11.244589
831,0.878488,1,8.695179
832,0.385422,1,7.076381
833,-0.323992,0,4.276725
834,0.531831,1,4.715459
835,0.055023,1,6.614619
836,-0.435355,0,4.53268
837,0.592193,1,8.254294
838,-0.300632,0,5.020655
839,-0.629836,0,2.267493
840,0.337248,1,6.701848
841,-0.639142,0,4.557791
842,0.750833,1,9.318672
843,0.387928,1,7.869286
844,-0.058415,0,5.46541
845,-0.636868,0,3.405186
846,-0.870092,0,3.764666
847,-0.30909,0,2.53091
848,-0.7044,0,2.236343
849,0.709383,1,8.306479
850,0.752587,1,9.400011
851,0.999597,1,9.762264
852,-0.179293,0,6.355517
853,0.881638,1,8.834899
854,0.914951,1,10.381074
855,0.889878,1,10.212147
856,-0.174789,0,4.58868
857,0.768344,1,9.105592
858,0.77659,1,10.76977
859,0.117555,1,8.133874
860,0.311384,1,9.947691
861,0.408574,1,7.66721
862,0.101995,1,5.309547
863,-0.233767,0,4.246697
864,0.659093,1,8.708677
865,-0.191714,0,4.717895
866,-0.601321,0,3.929064
867,0.427109,1,7.098117
868,-0.011124,0,5.992331
869,0.429685,1,7.618156
870,-0.637488,0,3.106153
871,0.545616,1,8.732962
872,0.080217,1,9.317352
873,-0.909419,0,-0.290098
874,-0.05892,0,5.507293
875,0.405097,1,9.432754
876,0.902378,1,10.749924
877,0.771308,1,10.300473
878,0.141462,1,6.107086
879,-0.639944,0,3.135319
880,0.538612,1,8.726988
881,0.960244,1,10.000833
882,-0.072387,0,3.815544
883,0.557308,1,9.65462
884,0.938778,1,10.521568
885,0.722925,1,8.636156
886,0.218176,1,6.098352
887,0.64286,1,7.509051
888,-0.549805,0,3.378091
889,-0.939866,0,-0.937521
890,-0.65035,0,3.393795
891,0.276978,1,5.202462
892,0.133057,1,5.474592
893,0.515824,1,7.076466
894,0.332305,1,7.6569
895,-0.930312,0,4.034044
896,0.462757,1,8.327587
897,0.292136,1,5.997292
898,-0.646582,0,3.689974
899,-0.880944,0,1.786868
900,0.845429,1,10.723631
901,-0.27805,0,5.66511
902,0.200193,1,6.289816
903,-0.172205,0,6.15935
904,-0.814628,0,3.0134
905,0.816864,1,8.871031
906,0.712774,1,8.088203
907,0.113151,1,7.105153
908,0.917971,1,9.932592
909,0.748459,1,9.990091
910,-0.914373,0,1.590707
911,-0.114253,0,4.957584
912,-0.943754,0,1.828981
913,0.783469,1,8.412558
914,-0.491413,0,1.775875
915,0.294288,1,5.772206
916,-0.436061,0,3.837382
917,-0.611199,0,3.942797
918,-0.539234,0,4.149412
919,-0.803044,0,3.194745
920,-0.408933,0,3.116529
921,0.761695,1,11.259488
922,-0.554336,0,2.723093
923,-0.343781,0,3.082484
924,-0.530588,0,3.836763
925,0.731038,1,7.488348
926,0.755405,1,8.550152
927,-0.334889,0,3.551835
928,-0.755468,0,3.211878
929,-0.985923,0,1.261431
930,0.263496,1,6.848912
931,0.909057,1,9.523597
932,0.300908,1,7.557166
933,-0.350279,0,4.352869
934,-0.363977,0,4.795507
935,-0.438929,0,5.277749
936,0.000109,1,7.256534
937,0.720076,1,8.794469
938,0.298589,1,6.3354
939,0.740382,1,7.034617
940,0.251398,1,7.080224
941,0.128478,1,7.488056
942,0.971802,1,8.928825
943,-0.050562,0,5.660204
944,-0.909055,0,2.022557
945,-0.31842,0,4.369554
946,0.329158,1,6.431716
947,-0.096933,0,5.855149
948,0.695793,1,7.108927
949,0.309558,1,6.223661
950,-0.361658,0,5.62996
951,-0.618306,0,2.91648
952,0.750392,1,8.716738
953,-0.833098,0,3.333767
954,-0.670762,0,2.421151
955,0.901247,1,9.495206
956,0.521862,1,9.604499
957,0.220037,1,8.643098
958,0.523198,1,7.357002
959,-0.394471,0,3.357909
960,0.107946,1,6.12561
961,0.045936,1,6.63553
962,-0.17046,0,5.644158
963,0.486802,1,8.226889
964,0.182806,1,6.844701
965,-0.806312,0,1.11573
966,-0.984283,0,1.452659
967,-0.797434,0,1.524682
968,-0.459786,0,4.278413
969,0.963123,1,10.881303
970,0.155409,1,6.715371
971,-0.630276,0,1.86043
972,-0.854514,0,0.935693
973,0.56975,1,6.731288
974,-0.035732,0,4.563446
975,-0.731276,0,2.508614
976,-0.482335,0,5.363056
977,0.565071,1,8.017815
978,-0.995548,0,-0.170981
979,-0.06817,0,5.207238
980,-0.806386,0,3.626871
981,0.149317,1,6.945907
982,0.596304,1,7.850288
983,-0.691701,0,2.95915
984,0.439781,1,7.81398
985,0.164468,1,6.552371
986,-0.734162,0,3.386574
987,0.50902,1,6.864829
988,-0.699401,0,2.299219
989,0.378834,1,6.602665
990,0.82644,1,9.075406
991,0.766971,1,9.784695
992,0.419658,1,6.733956
993,0.320131,1,6.117997
994,0.73187,1,7.893968
995,0.332434,1,6.701313
996,0.363956,1,8.229236
997,0.001169,1,5.884454
998,-0.456118,0,4.399811
999,-0.514992,0,3.703028
1000,0.509436,1,8.064814
1001,-0.5054,0,2.98455
1002,-0.497824,0,3.266676
1003,0.008086,1,4.905761
1004,-0.754217,0,1.427836
1005,0.588328,1,8.661024
1006,-0.700113,0,4.590159
1007,-0.738059,0,3.744223
1008,-0.570403,0,3.057918
1009,0.262659,1,7.835538
1010,0.615225,1,5.993753
1011,-0.457398,0,4.241674
1012,-0.835141,0,2.978072
1013,-0.612205,0,4.738603
1014,0.406123,1,6.31046
1015,-0.006138,0,5.562725
1016,-0.435886,0,5.037911
1017,-0.443067,0,2.459281
1018,0.610256,1,9.485161
1019,-0.594773,0,3.013989
1020,0.872353,1,11.715279
1021,0.67317,1,8.887231
1022,0.539777,1,8.083461
1023,0.370087,1,6.32384
1024,0.280051,1,5.335092
1025,0.914465,1,9.097012
1026,0.286495,1,6.167313
1027,-0.975844,0,1.928829
1028,-0.849065,0,2.72096
1029,-0.676933,0,3.352958
1030,0.612789,1,7.844642
1031,-0.337752,0,4.532318
1032,0.590114,1,8.871492
1033,0.131424,1,6.71102
1034,0.392877,1,8.526218
1035,-0.514918,0,4.320372
1036,0.959515,1,11.468382
1037,0.33683,1,6.993852
1038,0.709081,1,10.138183
1039,-0.202488,0,4.524116
1040,-0.080266,0,3.661659
1041,0.292306,1,8.020774
1042,-0.632446,0,3.619375
1043,0.115813,1,5.517265
1044,0.654138,1,5.711134
1045,0.434182,1,6.628087
1046,0.714927,1,6.757955
1047,-0.210908,0,5.137237
1048,0.357604,1,7.82566
1049,-0.833719,0,2.615045
1050,0.902851,1,10.374698
1051,-0.817255,0,2.815147
1052,0.62288,1,8.796122
1053,0.459076,1,6.564386
1054,0.733112,1,8.957811
1055,-0.906953,0,1.460714
1056,0.435955,1,5.881264
1057,0.954332,1,9.14256
1058,0.79084,1,8.343889
1059,0.350307,1,7.423847
1060,-0.381492,0,4.054302
1061,-0.848575,0,4.062142
1062,-0.636334,0,1.655488
1063,0.591681,1,8.025113
1064,0.813686,1,8.014374
1065,0.893866,1,10.524282
1066,-0.297585,0,4.631812
1067,-0.026994,0,5.16796
1068,-0.676879,0,3.844713
1069,0.939742,1,9.13621
1070,0.329237,1,7.945479
1071,-0.764105,0,2.211097
1072,-0.01949,0,4.765263
1073,-0.388264,0,5.423849
1074,-0.346558,0,3.862106
1075,0.499935,1,7.84569
1076,0.48603,1,8.54951
1077,0.803917,1,8.72433
1078,0.532868,1,7.335035
1079,0.236813,1,6.129021
1080,-0.96205,0,1.472232
1081,0.928103,1,9.895777
1082,0.184251,1,6.545658
1083,-0.395867,0,5.401012
1084,-0.951569,0,1.929977
1085,-0.012058,0,3.719111
1086,0.110014,1,6.321581
1087,-0.848099,0,2.562498
1088,-0.64035,0,3.192002
1089,-0.500779,0,4.872004
1090,0.290571,1,7.318697
1091,0.924313,1,9.282798
1092,0.006141,1,5.395317
1093,0.992203,1,8.403202
1094,0.487156,1,7.566952
1095,-0.508529,0,4.953344
1096,0.495219,1,9.268669
1097,-0.718947,0,4.09739
1098,0.904503,1,8.466971
1099,-0.323046,0,4.490434
1100,-0.255536,0,4.767546
1101,-0.240427,0,4.429347
1102,0.677944,1,9.549972
1103,-0.607371,0,4.990762
1104,-0.786665,0,2.111215
1105,0.855413,1,9.087653
1106,-0.272298,0,4.270608
1107,0.123183,1,6.439194
1108,0.319494,1,5.122547
1109,0.547688,1,8.634066
1110,0.721321,1,7.008296
1111,-0.40364,0,2.296101
1112,0.786131,1,8.607062
1113,-0.243642,0,5.080595
1114,0.347192,1,10.610423
1115,0.781602,1,9.033868
1116,-0.935556,0,0.934121
1117,-0.247241,0,5.311442
1118,0.816635,1,9.610675
1119,-0.207119,0,5.980717
1120,-0.487466,0,4.082901
1121,-0.833941,0,3.324584
1122,0.194809,1,5.832821
1123,-0.228933,0,3.3768
1124,-0.990915,0,2.493043
1125,0.560364,1,8.893923
1126,0.08211,1,6.848992
1127,0.937231,1,11.061392
1128,0.796811,1,9.209118
1129,-0.997745,0,1.72685
1130,0.736674,1,6.482584
1131,-0.13681,0,3.975015
1132,-0.124977,0,3.937907
1133,-0.277865,0,6.186932
1134,0.448545,1,7.736325
1135,-0.776913,0,2.712012
1136,0.106583,1,5.887134
1137,-0.411048,0,3.472022
1138,0.304134,1,6.972927
1139,-0.758622,0,3.959425
1140,-0.724663,0,0.26778
1141,0.038223,1,6.479497
1142,-0.684117,0,5.271669
1143,0.416871,1,6.308275
1144,0.44808,1,7.148104
1145,-0.734091,0,3.528987
1146,0.917624,1,9.818337
1147,-0.282968,0,4.679042
1148,0.970366,1,10.741023
1149,-0.950368,0,0.450981
1150,0.858805,1,9.523572
1151,-0.670511,0,1.499544
1152,-0.798941,0,2.925288
1153,-0.740895,0,2.307567
1154,0.157936,1,6.33822
1155,-0.093176,0,6.180363
1156,-0.924329,0,1.963614
1157,-0.476054,0,3.082138
1158,0.866247,1,8.904759
1159,0.225652,1,6.552957
1160,-0.407251,0,3.36393
1161,-0.195886,0,3.767316
1162,0.377789,1,7.104497
1163,-0.374792,0,4.338708
1164,-0.351842,0,5.389235
1165,-0.635764,0,2.29961
1166,-0.044175,0,3.464426
1167,-0.175843,0,6.586521
1168,-0.590343,0,3.295803
1169,0.870939,1,10.307139
1170,-0.720116,0,2.140192
1171,-0.280533,0,5.715417
1172,0.615335,1,8.874539
1173,0.040998,1,7.671167
1174,-0.840186,0,2.339476
1175,-0.952569,0,0.926319
1176,0.467034,1,7.771128
1177,-0.088722,0,5.666086
1178,-0.763355,0,3.454905
1179,-0.010152,0,4.243856
1180,-0.724524,0,3.353383
1181,0.746488,1,7.425846
1182,0.37128,1,8.258071
1183,0.010823,1,5.933316
1184,0.089469,1,8.420418
1185,0.698704,1,9.233374
1186,0.732968,1,9.179039
1187,-0.9934,0,0.514099
1188,-0.630605,0,2.711464
1189,0.04919,1,8.119014
1190,-0.478745,0,4.110825
1191,0.713287,1,9.385487
1192,-0.441143,0,3.782334
1193,0.706614,1,7.961499
1194,0.87161,1,12.34948
1195,-0.954598,0,1.720769
1196,-0.313286,0,3.730105
1197,-0.21621,0,2.63092
1198,-0.837797,0,1.942772
1199,0.901372,1,9.995051
1200,0.378615,1,8.699636
1201,0.714941,1,8.645204
1202,0.764948,1,9.045506
1203,-0.25307,0,3.486962
1204,-0.711542,0,2.290857
1205,0.958005,1,10.160287
1206,-0.674756,0,2.369812
1207,0.489795,1,6.252624
1208,0.716789,1,6.22723
1209,0.569462,1,7.556658
1210,0.451354,1,8.493839
1211,0.227111,1,6.689753
1212,-0.58477,0,2.42987
1213,0.39195,1,8.259809
1214,-0.391092,0,3.652282
1215,0.47691,1,9.224857
1216,-0.682239,0,4.020704
1217,0.37535,1,6.646651
1218,0.558069,1,7.824309
1219,0.178981,1,6.609243
1220,-0.579113,0,4.733219
1221,-0.227846,0,3.137996
1222,-0.70573,0,2.147057
1223,0.33988,1,5.891926
1224,0.485614,1,7.330001
1225,-0.809028,0,3.910795
1226,-0.417244,0,3.771972
1227,0.83319,1,10.945996
1228,0.290871,1,8.016576
1229,0.50007,1,8.151825
1230,0.71019,1,9.05736
1231,0.065571,1,6.769225
1232,-0.513038,0,4.078497
1233,-0.27622,0,6.056527
1234,0.419057,1,8.022775
1235,-0.394836,0,4.230028
1236,-0.613595,0,2.835061
1237,-0.799999,0,2.54849
1238,0.810418,1,8.05295
1239,0.2934,1,6.093642
1240,-0.533742,0,1.814969
1241,-0.469621,0,3.637663
1242,0.424796,1,7.487971
1243,0.634038,1,8.629116
1244,0.281341,1,6.762456
1245,0.860229,1,8.991821
1246,-0.859651,0,2.737692
1247,-0.224884,0,3.745349
1248,-0.398383,0,4.088896
1249,-0.569866,0,4.652206
1250,0.278133,1,5.707963
1251,0.701733,1,9.612925
1252,0.748533,1,8.105499
1253,0.863833,1,10.025265
1254,-0.379723,0,3.42014
1255,-0.624147,0,2.289966
1256,0.145176,1,6.711268
1257,-0.13356,0,5.196747
1258,0.65974,1,8.740814
1259,0.691536,1,11.183194
1260,0.934059,1,9.144055
1261,0.344532,1,6.771078
1262,-0.265921,0,6.043825
1263,-0.713298,0,3.119033
1264,0.511347,1,7.349824
1265,0.528512,1,6.838307
1266,-0.167648,0,3.674852
1267,-0.962431,0,1.080084
1268,-0.312927,0,4.461087
1269,0.552605,1,8.398483
1270,-0.271307,0,4.062319
1271,-0.529973,0,2.97892
1272,-0.317806,0,4.479798
1273,0.831149,1,9.772366
1274,0.850079,1,9.573684
1275,0.366767,1,7.630331
1276,-0.52344,0,3.581769
1277,-0.438554,0,3.087315
1278,-0.825874,0,2.378081
1279,-0.890805,0,0.40519
1280,0.293897,1,7.21856
1281,0.17321,1,5.957296
1282,0.287094,1,7.498231
1283,-0.72744,0,3.437839
1284,-0.384173,0,3.414598
1285,-0.194481,0,3.982822
1286,-0.278595,0,3.342762
1287,0.97659,1,11.499532
1288,0.5704,1,8.577708
1289,-0.105449,0,2.803734
1290,0.484832,1,7.198762
1291,0.920233,1,10.186427
1292,-0.321016,0,4.9829
1293,0.604332,1,8.70147
1294,0.616003,1,8.958022
1295,-0.131517,0,4.168609
1296,-0.754217,0,3.173889
1297,0.396191,1,7.713387
1298,0.074685,1,7.549899
1299,0.864213,1,9.346955
1300,-0.800218,0,2.221181
1301,0.715879,1,7.856151
1302,0.683521,1,9.091923
1303,0.318324,1,6.785798
1304,0.206051,1,6.622823
1305,-0.87814,0,2.001479
1306,-0.942812,0,-0.902659
1307,0.041421,1,6.460323
1308,-0.049272,0,5.049469
1309,0.987267,1,10.608088
1310,-0.536507,0,1.88517
1311,-0.801098,0,3.347578
1312,0.36945,1,6.742886
1313,0.406278,1,7.401281
1314,-0.663822,0,3.980297
1315,0.091267,1,5.574008
1316,0.125384,1,6.638106
1317,0.538797,1,7.464503
1318,-0.603537,0,3.356773
1319,0.179138,1,6.471009
1320,-0.421576,0,5.920128
1321,-0.19744,0,4.246583
1322,-0.696422,0,2.716577
1323,-0.331039,0,4.500681
1324,-0.519376,0,3.881308
1325,0.006342,1,7.194727
1326,-0.397179,0,4.726746
1327,-0.515118,0,4.214189
1328,0.776211,1,9.980093
1329,0.733419,1,8.252905
1330,-0.843861,0,3.639323
1331,0.655583,1,8.899891
1332,0.733126,1,7.361703
1333,0.946515,1,9.716908
1334,-0.947139,0,1.320784
1335,-0.983975,0,4.06752
1336,-0.867185,0,2.116543
1337,-0.23881,0,5.366669
1338,-0.005991,0,2.903205
1339,0.243278,1,7.337009
1340,-0.936652,0,1.289835
1341,0.671747,1,7.880896
1342,-0.407554,0,3.405294
1343,-0.98817,0,0.950947
1344,0.511388,1,7.046733
1345,-0.439436,0,3.666544
1346,-0.608237,0,4.569112
1347,0.730952,1,8.484085
1348,0.376777,1,6.570542
1349,-0.133451,0,5.684381
1350,-0.592193,0,3.621491
1351,-0.253574,0,3.855359
1352,-0.087056,0,5.09901
1353,0.374892,1,7.771198
1354,-0.927825,0,0.178814
1355,-0.893693,0,0.691244
1356,-0.946622,0,2.439782
1357,0.308497,1,6.212715
1358,-0.715989,0,2.498467
1359,-0.691276,0,3.443008
1360,-0.874042,0,-0.770741
1361,0.367447,1,6.471927
1362,-0.006153,0,4.362119
1363,0.597019,1,8.643115
1364,0.553324,1,6.37092
1365,-0.849108,0,1.301946
1366,0.296096,1,8.072398
1367,0.205011,1,6.826743
1368,0.677212,1,8.559507
1369,-0.184911,0,6.20317
1370,0.952097,1,11.272362
1371,-0.599089,0,2.58132
1372,0.388604,1,5.845087
1373,0.589784,1,7.845941
1374,0.58545,1,9.579572
1375,0.929512,1,11.798365
1376,-0.46381,0,4.40941
1377,0.930016,1,9.979111
1378,0.5713,1,8.67831
1379,-0.451379,0,3.440605
1380,0.268416,1,7.31676
1381,-0.584282,0,2.643739
1382,0.740645,1,7.320424
1383,0.125407,1,5.77215
1384,0.98248,1,10.250205
1385,0.204857,1,6.014637
1386,0.710632,1,9.982511
1387,-0.657629,0,3.917026
1388,-0.137506,0,5.095419
1389,0.816127,1,10.222855
1390,-0.862372,0,2.033535
1391,0.367598,1,7.847657
1392,-0.305633,0,5.758983
1393,-0.808093,0,1.675282
1394,0.553799,1,9.33691
1395,0.999678,1,10.685404
1396,0.346699,1,7.867489
1397,0.560378,1,9.350177
1398,0.499265,1,7.185441
1399,-0.197708,0,4.678725
1400,-0.669378,0,2.783989
1401,-0.81601,0,3.019007
1402,0.124182,1,6.744873
1403,0.981366,1,10.305375
1404,0.868633,1,10.997947
1405,0.066335,1,5.390686
1406,0.988683,1,10.021246
1407,-0.24939,0,4.563577
1408,-0.499527,0,3.751529
1409,0.49519,1,6.771074
1410,-0.147991,0,6.164012
1411,-0.771244,0,2.53856
1412,0.436263,1,6.954296
1413,0.384571,1,7.678923
1414,-0.889841,0,1.704253
1415,-0.630911,0,4.334178
1416,-0.851648,0,0.840409
1417,-0.70166,0,3.629763
1418,-0.164169,0,5.958771
1419,0.247866,1,6.253206
1420,0.340383,1,7.991201
1421,0.817651,1,8.755564
1422,-0.266112,0,3.828994
1423,-0.242711,0,4.499638
1424,-0.684173,0,3.821509
1425,-0.401855,0,3.462428
1426,0.76526,1,9.744434
1427,-0.314746,0,5.069012
1428,0.524879,1,6.810522
1429,0.613879,1,8.141358
1430,0.082528,1,7.993137
1431,-0.221948,0,5.247568
1432,-0.951828,0,0.7657
1433,-0.101074,0,5.193813
1434,0.636099,1,7.817555
1435,-0.858022,0,2.274541
1436,-0.261077,0,5.2934
1437,-0.662178,0,3.938989
1438,0.68854,1,7.594227
1439,0.381458,1,8.029932
1440,0.482926,1,8.348667
1441,0.036696,1,7.908397
1442,-0.341467,0,4.987638
1443,0.819518,1,8.553748
1444,-0.11812,0,4.538849
1445,-0.244033,0,4.297827
1446,0.877486,1,9.331215
1447,-0.14558,0,3.377379
1448,-0.487224,0,5.072468
1449,0.7788,1,8.819742
1450,0.383287,1,6.649088
1451,0.598165,1,8.883176
1452,0.101069,1,5.566117
1453,-0.795372,0,0.220281
1454,0.930169,1,9.898968
1455,0.989984,1,9.117504
1456,0.399241,1,7.353953
1457,0.947811,1,9.311706
1458,-0.035469,0,5.357792
1459,0.402873,1,9.228815
1460,0.560441,1,9.225259
1461,0.429101,1,8.12275
1462,-0.95467,0,0.936701
1463,-0.206612,0,4.483888
1464,0.197786,1,8.446181
1465,0.765724,1,10.111057
1466,-0.724039,0,2.878653
1467,-0.805349,0,1.598896
1468,0.381094,1,6.310174
1469,0.710431,1,9.395642
1470,0.925303,1,11.427097
1471,0.503086,1,7.620512
1472,-0.036659,0,5.222659
1473,0.296309,1,7.761837
1474,-0.460014,0,4.920204
1475,-0.387568,0,4.800704
1476,-0.900546,0,1.809176
1477,0.212044,1,7.401919
1478,-0.793287,0,3.176356
1479,0.249151,1,7.922162
1480,-0.041809,0,4.804295
1481,0.954284,1,10.384886
1482,0.180957,1,7.131577
1483,-0.289772,0,5.052205
1484,-0.069401,0,3.715648
1485,-0.99751,0,0.26375
1486,-0.37498,0,4.573606
1487,-0.922684,0,-0.008436
1488,0.310986,1,7.752514
1489,0.741404,1,7.390787
1490,0.161724,1,7.270061
1491,-0.919536,0,3.460976
1492,-0.744145,0,3.599251
1493,-0.004174,0,5.535673
1494,-0.667566,0,3.11389
1495,0.79023,1,9.217896
1496,0.00013,1,7.841269
1497,-0.962094,0,0.027908
1498,-0.954,0,0.793294
1499,0.625523,1,7.773262
1500,0.420177,1,8.148096
1501,-0.707119,0,2.454732
1502,-0.168051,0,5.771218
1503,-0.340204,0,5.739836
1504,-0.299633,0,3.4259
1505,0.057499,1,7.557595
1506,0.238212,1,7.16312
1507,-0.595577,0,3.833176
1508,0.321402,1,6.885121
1509,0.786751,1,7.855856
1510,0.226102,1,6.067134
1511,-0.260145,0,4.349407
1512,0.826263,1,9.71077
1513,0.404685,1,7.293614
1514,0.403475,1,9.012017
1515,-0.319862,0,5.459231
1516,0.039621,1,6.021505
1517,-0.106337,0,2.48517
1518,-0.267153,0,4.955157
1519,-0.266217,0,4.94006
1520,-0.856685,0,3.678481
1521,0.974499,1,10.83841
1522,-0.378561,0,2.711421
1523,0.075318,1,7.141296
1524,0.036318,1,7.411516
1525,-0.42226,0,3.238492
1526,0.502206,1,7.799104
1527,0.099271,1,7.199813
1528,-0.260556,0,4.30771
1529,0.900523,1,9.644269
1530,0.014621,1,6.508132
1531,0.597371,1,6.950218
1532,-0.469167,0,3.953607
1533,-0.273302,0,3.742209
1534,0.897942,1,8.021866
1535,0.919787,1,9.449243
1536,-0.129016,0,4.836845
1537,0.611484,1,8.206321
1538,-0.725908,0,0.856703
1539,0.808511,1,10.527923
1540,0.589883,1,8.140635
1541,0.341169,1,8.206653
1542,-0.103246,0,5.658118
1543,-0.77125,0,4.249616
1544,0.482901,1,8.564466
1545,-0.286356,0,4.946571
1546,0.154258,1,6.61502
1547,0.581385,1,8.985354
1548,-0.245937,0,3.465385
1549,-0.681886,0,3.743188
1550,0.148215,1,7.409754
1551,-0.033447,0,4.618611
1552,0.80428,1,9.202056
1553,0.456602,1,8.449685
1554,0.683531,1,7.807813
1555,0.642699,1,10.494568
1556,0.362885,1,7.309563
1557,-0.293407,0,2.4663
1558,-0.959198,0,2.764624
1559,-0.453914,0,3.829421
1560,0.159922,1,6.403543
1561,0.644391,1,11.023367
1562,0.508145,1,8.03707
1563,-0.560102,0,5.461144
1564,0.489384,1,8.065964
1565,0.618571,1,7.778687
1566,-0.595704,0,3.591089
1567,-0.183225,0,4.70033
1568,0.275313,1,7.656796
1569,0.029973,1,7.395081
1570,0.814081,1,10.792118
1571,-0.57375,0,5.212904
1572,-0.188248,0,6.296527
1573,-0.788529,0,1.54708
1574,-0.742568,0,3.766153
1575,0.053583,1,6.301507
1576,-0.155388,0,4.47166
1577,-0.789444,0,2.784704
1578,0.971292,1,9.418346
1579,-0.505215,0,3.584023
1580,-0.011537,0,4.105817
1581,0.978444,1,9.303193
1582,0.587563,1,7.108093
1583,-0.355934,0,4.283258
1584,-0.287997,0,5.025835
1585,0.458514,1,8.091144
1586,0.518242,1,7.868066
1587,0.602551,1,9.096319
1588,-0.284676,0,6.641277
1589,0.258444,1,7.440716
1590,0.177269,1,6.221971
1591,0.174899,1,4.901032
1592,0.227878,1,7.135522
1593,0.117065,1,7.291614
1594,0.363225,1,7.926607
1595,-0.823345,0,2.91476
1596,0.68085,1,8.34015
1597,0.336615,1,8.695637
1598,0.422929,1,5.837246
1599,0.256057,1,5.989906
1600,-0.780317,0,3.40599
1601,0.300534,1,6.293825
1602,0.243103,1,7.191044
1603,0.804747,1,10.381622
1604,0.378807,1,6.77144
1605,-0.128134,0,3.674556
1606,0.154849,1,6.986247
1607,-0.754804,0,3.211845
1608,-0.665749,0,2.090555
1609,0.777029,1,7.866582
1610,0.052063,1,5.445294
1611,0.334796,1,5.925527
1612,0.896022,1,8.356192
1613,-0.825529,0,3.26355
1614,0.636925,1,7.294974
1615,-0.686473,0,4.172012
1616,-0.443394,0,3.592828
1617,-0.508537,0,2.360882
1618,-0.193688,0,3.220658
1619,0.166888,1,8.384271
1620,0.069702,1,5.971118
1621,-0.862853,0,2.84642
1622,-0.431264,0,3.44364
1623,-0.987936,0,1.953354
1624,0.006829,1,6.58618
1625,-0.268681,0,3.874202
1626,-0.272645,0,3.53562
1627,-0.405055,0,5.153285
1628,-0.395745,0,6.177742
1629,-0.596345,0,3.973872
1630,-0.746007,0,3.465115
1631,0.727353,1,7.36898
1632,0.169309,1,5.379591
1633,-0.867725,0,1.750788
1634,0.208933,1,7.250744
1635,0.052146,1,5.381731
1636,-0.551276,0,3.058353
1637,-0.667191,0,3.41411
1638,0.575645,1,6.74585
1639,-0.658585,0,3.055323
1640,0.37275,1,8.983434
1641,-0.174089,0,2.815102
1642,0.283425,1,5.844271
1643,0.943002,1,10.808701
1644,-0.421424,0,4.05102
1645,-0.546271,0,2.381411
1646,-0.051456,0,2.395531
1647,0.649217,1,8.429007
1648,-0.306135,0,3.373345
1649,-0.461227,0,5.622063
1650,0.545492,1,7.036432
1651,0.327582,1,8.321767
1652,0.552572,1,7.193663
1653,0.632543,1,8.12728
1654,0.672816,1,8.941232
1655,0.874049,1,9.660945
1656,-0.087278,0,5.568846
1657,-0.87056,0,1.356829
1658,-0.521856,0,4.567655
1659,-0.130328,0,4.562406
1660,0.086695,1,8.241045
1661,0.084265,1,6.772966
1662,-0.340781,0,4.919397
1663,0.937952,1,9.778714
1664,0.584029,1,9.92899
1665,0.11422,1,7.452566
1666,-0.968381,0,1.549847
1667,0.78867,1,10.488675
1668,0.40021,1,7.509851
1669,-0.977885,0,1.416787
1670,0.310534,1,7.97433
1671,-0.012851,0,6.133756
1672,-0.948292,0,1.7273
1673,0.006435,1,6.726792
1674,0.091857,1,5.938769
1675,0.305856,1,6.635525
1676,0.952329,1,10.591954
1677,0.820408,1,7.891365
1678,-0.206188,0,2.833157
1679,0.743058,1,8.050706
1680,0.563324,1,8.344048
1681,-0.130872,0,3.785804
1682,-0.318043,0,6.192821
1683,-0.635402,0,3.609569
1684,-0.47251,0,3.768339
1685,0.652854,1,7.592621
1686,-0.549548,0,3.527902
1687,-0.821398,0,1.414105
1688,-0.365957,0,3.885144
1689,0.962801,1,9.843185
1690,0.568916,1,7.444299
1691,0.126864,1,6.64138
1692,0.610656,1,7.608008
1693,-0.786182,0,1.476631
1694,0.742813,1,11.15041
1695,-0.85878,0,1.76424
1696,-0.046801,0,3.851869
1697,0.733699,1,9.066424
1698,0.414601,1,8.899028
1699,0.786891,1,10.220862
1700,0.136225,1,5.281956
1701,0.614994,1,8.332624
1702,-0.112805,0,5.265463
1703,0.459032,1,7.342385
1704,-0.996089,0,0.250875
1705,-0.782084,0,1.628577
1706,0.409789,1,7.298305
1707,0.263335,1,7.032532
1708,-0.214167,0,4.613548
1709,-0.615167,0,4.130424
1710,0.687148,1,10.919966
1711,0.293956,1,7.113432
1712,-0.168198,0,5.350503
1713,-0.626079,0,1.85355
1714,-0.377973,0,2.331379
1715,-0.132816,0,3.814479
1716,-0.429721,0,3.704786
1717,-0.127582,0,3.70567
1718,0.686441,1,8.873594
1719,0.295421,1,7.035901
1720,0.556693,1,7.716126
1721,-0.823926,0,0.625598
1722,-0.120546,0,5.467796
1723,-0.486876,0,4.638301
1724,-0.238735,0,4.13429
1725,-0.015677,0,3.313477
1726,0.431044,1,6.949638
1727,-0.170974,0,4.539863
1728,-0.459612,0,1.535678
1729,-0.458579,0,3.744925
1730,0.832314,1,8.509196
1731,0.868484,1,7.927397
1732,-0.518959,0,3.335926
1733,-0.596786,0,2.768841
1734,-0.172671,0,3.612914
1735,-0.647137,0,3.497254
1736,-0.528602,0,4.270649
1737,-0.152769,0,4.47824
1738,-0.848249,0,2.699413
1739,-0.931664,0,3.017888
1740,0.607908,1,8.593114
1741,0.666121,1,8.571937
1742,0.457452,1,8.312559
1743,-0.677318,0,3.064779
1744,-0.217963,0,6.195893
1745,0.670987,1,10.243963
1746,-0.382075,0,5.508268
1747,-0.548224,0,4.002833
1748,0.968256,1,8.816134
1749,0.20151,1,8.339655
1750,0.444419,1,7.882696
1751,-0.479688,0,3.75839
1752,0.117098,1,7.442549
1753,0.840743,1,10.218063
1754,0.828564,1,7.800313
1755,-0.27083,0,5.064463
1756,-0.186369,0,1.852407
1757,0.48862,1,6.902996
1758,0.418628,1,7.738413
1759,-0.740026,0,3.21671
1760,0.50221,1,7.487268
1761,0.399067,1,6.758043
1762,-0.478853,0,2.300759
1763,-0.481444,0,2.443165
1764,-0.642478,0,4.101326
1765,-0.427563,0,4.747774
1766,0.251359,1,6.906795
1767,0.692903,1,8.660306
1768,0.261787,1,7.538395
1769,-0.236251,0,2.855738
1770,-0.416441,0,2.476448
1771,0.811493,1,10.535971
1772,-0.01743,0,3.997271
1773,0.36787,1,8.143871
1774,0.298251,1,7.769573
1775,-0.713742,0,1.389137
1776,-0.223184,0,5.968308
1777,-0.80182,0,2.866309
1778,-0.143717,0,4.033561
1779,-0.729996,0,2.881359
1780,-0.243415,0,5.118522
1781,0.825426,1,10.254599
1782,0.834003,1,9.710251
1783,-0.709904,0,3.163973
1784,0.494274,1,8.723553
1785,0.351528,1,7.26373
1786,-0.933231,0,0.827446
1787,0.829996,1,9.48305
1788,-0.60112,0,2.45715
1789,0.942465,1,9.091932
1790,0.937844,1,10.528899
1791,-0.048602,0,4.220167
1792,0.272328,1,7.511405
1793,-0.382206,0,4.31814
1794,-0.859218,0,2.502427
1795,0.826104,1,8.256509
1796,0.778249,1,7.846028
1797,0.095596,1,5.977152
1798,0.277197,1,7.361649
1799,0.025029,1,7.595237
1800,0.752717,1,8.282657
1801,-0.608955,0,2.962933
1802,0.04131,1,6.683222
1803,-0.057227,0,4.435922
1804,-0.050057,0,3.946689
1805,-0.654438,0,3.452974
1806,-0.134708,0,5.672469
1807,-0.781708,0,3.252468
1808,0.794716,1,8.289953
1809,0.820505,1,8.158092
1810,-0.19857,0,5.004695
1811,-0.163564,0,3.380387
1812,-0.113108,0,3.033537
1813,-0.962768,0,1.765451
1814,-0.552935,0,3.573725
1815,-0.266656,0,4.758968
1816,-0.559167,0,5.278154
1817,-0.396004,0,4.266703
1818,-0.503955,0,2.815361
1819,-0.275976,0,4.928438
1820,-0.593526,0,2.135398
1821,-0.218012,0,5.060361
1822,-0.924232,0,0.091644
1823,-0.758404,0,3.019629
1824,0.571373,1,9.273151
1825,0.371316,1,7.188574
1826,-0.370689,0,4.114123
1827,0.492961,1,7.577497
1828,-0.998243,0,0.098552
1829,0.333063,1,6.696511
1830,0.04673,1,8.291463
1831,-0.704084,0,2.273497
1832,0.83259,1,10.453404
1833,-0.44365,0,3.533699
1834,0.677959,1,9.176686
1835,0.903592,1,9.701172
1836,-0.182723,0,4.485264
1837,0.196987,1,6.538027
1838,-0.985103,0,-0.381464
1839,0.733409,1,10.939071
1840,0.207402,1,8.625368
1841,0.764336,1,10.940949
1842,-0.826684,0,4.44617
1843,0.55375,1,9.306823
1844,0.113508,1,5.962069
1845,-0.220919,0,4.506073
1846,-0.166201,0,4.988306
1847,0.330785,1,6.76202
1848,0.351066,1,7.336337
1849,-0.911292,0,0.920108
1850,-0.9887,0,0.832012
1851,0.830568,1,9.072843
1852,0.319597,1,8.152981
1853,-0.775517,0,1.647097
1854,-0.088603,0,4.694427
1855,-0.403401,0,4.154389
1856,0.063957,1,6.771119
1857,0.998346,1,10.687022
1858,-0.85518,0,0.764263
1859,0.767694,1,7.990683
1860,0.598025,1,7.834
1861,-0.525602,0,3.44199
1862,0.761995,1,8.689386
1863,0.665789,1,7.867798
1864,-0.01414,0,6.647826
1865,-0.73856,0,2.414126
1866,-0.895838,0,1.341151
1867,0.763246,1,7.335527
1868,-0.839491,0,2.515269
1869,-0.427467,0,4.190287
1870,0.791734,1,8.979157
1871,0.771627,1,8.778446
1872,-0.761885,0,4.501569
1873,-0.7832,0,4.189823
1874,0.721198,1,9.461809
1875,-0.799765,0,4.08894
1876,-0.759269,0,1.651076
1877,0.566287,1,6.712984
1878,0.570296,1,7.985571
1879,-0.085414,0,4.047888
1880,-0.556839,0,2.609951
1881,0.386958,1,6.711687
1882,0.185386,1,7.641139
1883,-0.416191,0,5.949701
1884,-0.620175,0,2.811846
1885,-0.641146,0,2.484297
1886,-0.054967,0,4.949139
1887,-0.039668,0,2.675527
1888,-0.570134,0,2.389452
1889,-0.996746,0,1.531732
1890,-0.36555,0,4.625804
1891,0.212061,1,8.744907
1892,0.288022,1,7.818027
1893,-0.889316,0,3.157675
1894,0.376937,1,7.700278
1895,0.628096,1,7.625323
1896,0.190624,1,5.674219
1897,-0.25675,0,4.662431
1898,-0.536218,0,4.940288
1899,0.753326,1,10.888681
1900,-0.586353,0,2.886458
1901,-0.969986,0,1.849342
1902,0.372319,1,7.212252
1903,0.402854,1,8.659082
1904,-0.789054,0,0.823112
1905,-0.380837,0,4.196861
1906,0.66115,1,8.031282
1907,0.201728,1,6.640588
1908,-0.105919,0,5.305938
1909,0.5868,1,7.734072
1910,-0.904989,0,0.400058
1911,-0.943183,0,0.151732
1912,-0.345516,0,3.626593
1913,0.649275,1,7.824773
1914,-0.15886,0,5.431216
1915,0.035069,1,5.535266
1916,0.225281,1,6.22605
1917,-0.905414,0,4.453786
1918,-0.466718,0,4.789456
1919,0.419973,1,8.458937
1920,-0.360536,0,3.308526
1921,-0.456602,0,3.728462
1922,0.761044,1,8.401792
1923,0.056688,1,5.040127
1924,-0.722608,0,2.162868
1925,-0.702728,0,4.240237
1926,0.484523,1,7.262633
1927,0.310412,1,5.31186
1928,-0.417613,0,5.266282
1929,0.3189,1,8.651411
1930,0.810325,1,8.64732
1931,-0.650492,0,2.926015
1932,-0.807179,0,1.754663
1933,-0.542658,0,2.465515
1934,-0.705302,0,2.329708
1935,0.330932,1,6.42632
1936,0.028246,1,6.208198
1937,0.796238,1,8.261791
1938,0.52308,1,6.146107
1939,0.289046,1,7.752324
1940,-0.443794,0,5.462667
1941,-0.678453,0,1.755938
1942,-0.707235,0,4.357201
1943,-0.476772,0,5.016435
1944,-0.265113,0,6.6683
1945,0.159319,1,7.266323
1946,-0.010305,0,5.484482
1947,-0.968431,0,0.279694
1948,-0.463224,0,4.591782
1949,-0.682144,0,2.032394
1950,0.793899,1,9.011673
1951,-0.751828,0,2.554451
1952,-0.321041,0,4.733674
1953,0.859968,1,10.820497
1954,0.325015,1,6.968069
1955,-0.893003,0,1.219289
1956,0.95906,1,10.903097
1957,0.14568,1,8.376307
1958,0.552673,1,7.57832
1959,-0.480282,0,5.587287
1960,0.110292,1,5.604432
1961,-0.087759,0,4.620127
1962,0.462171,1,6.341711
1963,0.36238,1,7.425994
1964,0.356319,1,7.538555
1965,0.823239,1,8.589391
1966,-0.989405,0,1.247854
1967,-0.686319,0,1.877593
1968,0.951806,1,11.653498
1969,-0.293369,0,3.767188
1970,0.568064,1,9.134326
1971,-0.414595,0,4.534465
1972,0.576717,1,7.939144
1973,-0.659948,0,2.862271
1974,0.558526,1,7.419248
1975,-0.344431,0,4.784989
1976,0.737576,1,7.288264
1977,0.537889,1,9.147877
1978,0.047957,1,6.159371
1979,-0.207342,0,5.467532
1980,0.948438,1,9.917349
1981,0.414323,1,7.85991
1982,-0.482233,0,3.175894
1983,-0.252384,0,3.953406
1984,-0.02466,0,6.223995
1985,-0.996997,0,0.633593
1986,-0.573912,0,3.487934
1987,0.258333,1,5.870825
1988,0.856245,1,8.941271
1989,0.871816,1,10.141826
1990,-0.747723,0,2.048174
1991,-0.573753,0,2.910548
1992,0.916334,1,10.730775
1993,-0.309434,0,3.524035
1994,-0.000536,0,5.414405
1995,0.020231,1,7.478133
1996,0.360083,1,8.165633
1997,-0.906067,0,1.171412
1998,0.317684,1,6.137742
1999,0.006294,1,5.742363
2000,-0.494782,0,4.157112
