resample,rows
1,235 58 48 7 201 199 184 280 29 119 183 49 253 97 247 137 184 23 270 63 116 210 214 215 173 84 44 170 114 99 217 15 73 93 192 193 132 158 113 115 280 259 137 241 191 107 31 97 117 43 36 44 48 185 58 3 201 3 151 206 285 189 165 84 22 112 52 279 106 284 111 193 275 296 213 204 247 24 189 165 24 287 205 220 234 30 18 220 240 94 31 205 253 29 155 134 211 65 166 249 20 19 45 74 273 222 54 15 33 106 151 178 248 177 79 42 182 204 276 121 230 207 291 5 39 269 225 81 254 39 171 271 33 91 35 31 268 271 32 237 248 264 207 256 296 236 252 49 193 79 108 70 123 221 115 226 65 170 151 104 104 139 36 12 290 219 224 119 273 137 289 150 209 160 80 277 132 176 55 96 210 117 274 68 157 93 260 267 156 276 50 275 140 104 276 227 44 80 176 2 240 106 138 142 56 93 163 66 137 296 162 146 103 273 254 280 244 211 294 139 73 181 250 80 63 123 29 4 231 15 241 77 134 163 4 201 84 142 155 71 227 224 55 170 28 245 167 62 264 82 104 0 142 79 98 121 253 218 178 252 294 210 148 0 198 212 76 269 128 182 259 189 119 100 288 30 3 118 297 211 42 99 94 288 72 62 135 118 54 252 145 289 268 3 238 252 195 93 200 48
2,29 128 104 45 245 204 105 216 165 181 220 242 103 120 78 162 129 232 160 204 68 245 10 107 287 69 283 285 115 259 5 152 288 269 218 34 115 255 176 8 180 242 52 59 63 120 18 47 235 219 263 121 197 59 208 20 35 250 62 223 75 84 280 8 175 173 31 164 84 151 248 139 272 139 26 152 123 255 153 58 146 152 148 248 57 204 198 82 55 172 81 256 5 99 290 52 259 51 84 127 39 266 157 29 186 24 193 92 51 85 297 82 46 290 59 163 58 90 0 179 46 263 271 160 106 223 213 85 19 165 243 38 92 193 84 242 31 218 190 59 279 67 158 190 133 26 93 159 207 172 184 195 207 276 125 209 198 275 246 100 92 219 275 209 101 269 72 29 124 127 236 252 256 276 268 254 204 170 228 257 64 254 128 80 295 206 203 217 259 222 23 122 91 107 205 12 294 174 231 32 211 286 247 237 140 109 73 20 121 167 236 3 231 106 75 108 264 245 16 265 201 134 11 133 2 293 66 245 248 205 268 43 154 72 180 156 126 213 77 220 0 25 50 98 209 74 261 198 219 41 200 79 200 26 152 75 189 20 212 177 197 67 180 52 215 10 141 20 280 242 74 261 234 246 166 214 53 281 67 143 68 29 243 286 233 207 215 287 37 25 121 112 113 95 78 9 254 215 82 152
3,249 203 84 250 150 147 138 68 254 82 46 223 11 254 293 40 265 122 175 170 113 281 150 60 18 280 199 228 227 18 241 19 193 80 181 265 275 244 137 5 293 188 273 58 286 28 173 219 262 39 121 262 42 93 189 187 287 280 60 116 233 251 165 108 72 254 261 151 105 98 122 284 127 282 68 71 64 163 204 80 279 173 109 285 275 270 275 298 58 242 135 238 144 292 61 26 30 112 193 205 180 277 36 160 31 132 168 120 77 17 55 216 109 126 150 23 42 56 221 189 47 94 274 290 142 205 267 250 157 63 105 157 96 2 92 216 265 174 272 234 225 63 191 144 143 57 254 68 183 214 227 125 9 149 254 134 2 95 132 18 41 273 117 188 230 162 277 130 116 265 275 130 292 123 9 136 100 101 161 149 195 163 159 241 58 9 261 212 267 213 140 243 285 139 71 240 144 272 147 140 76 195 238 290 159 150 169 159 193 174 50 20 37 84 3 292 41 5 198 38 272 262 270 12 141 231 188 182 64 131 178 37 47 3 205 252 2 161 171 216 184 125 109 179 82 38 30 286 10 261 178 268 85 95 174 48 12 66 225 242 87 19 58 119 28 52 149 70 288 164 293 239 34 127 97 221 158 215 112 27 123 72 30 190 275 44 155 247 201 92 186 186 154 192 65 108 290 121 67 89
4,214 278 95 167 99 134 37 213 211 206 67 9 178 76 180 15 55 119 162 235 88 3 220 69 184 99 271 146 151 191 108 22 209 78 193 134 190 77 226 242 21 145 143 202 112 163 268 126 238 172 125 267 126 7 127 27 143 233 128 279 50 167 72 24 207 171 82 127 28 235 275 148 19 15 16 24 9 292 97 182 62 287 220 209 214 279 137 183 151 268 219 242 253 185 163 31 234 31 131 227 214 255 100 268 254 129 52 256 93 230 156 189 102 1 151 207 188 242 231 6 27 204 7 43 183 240 126 177 230 58 270 257 138 293 263 6 231 226 281 168 2 134 152 229 4 262 83 179 6 221 111 249 260 115 204 218 87 275 177 55 41 77 130 158 13 121 179 169 294 242 72 173 116 209 176 232 281 182 201 267 225 142 192 136 85 144 56 10 272 21 278 131 28 79 147 223 141 87 298 95 186 195 243 140 27 201 36 177 101 259 151 251 57 210 190 144 273 155 172 43 37 183 126 128 286 243 14 14 117 252 282 7 74 71 234 95 91 65 207 214 287 203 104 26 30 294 219 230 14 222 18 91 205 281 138 61 168 37 30 67 55 221 183 214 92 76 291 137 110 143 60 244 253 60 85 1 205 182 146 207 53 25 246 83 208 292 40 129 229 13 163 213 42 186 253 44 72 72 5 89
5,158 52 184 264 151 168 114 11 85 60 148 89 266 66 229 134 91 126 137 152 109 285 39 273 222 13 94 47 95 121 293 166 221 264 175 179 48 237 238 142 248 258 104 59 147 133 3 115 201 189 18 32 196 82 7 17 173 268 184 36 43 136 139 41 156 10 61 226 198 91 292 14 68 187 55 116 104 147 246 81 215 45 208 260 35 173 52 195 118 267 251 43 53 180 83 249 100 2 5 171 165 257 0 248 137 113 296 147 43 139 178 68 130 71 298 62 221 273 30 205 146 221 120 63 239 122 158 234 87 216 297 181 179 3 124 20 50 282 157 87 124 239 273 111 65 113 212 35 236 95 119 174 92 193 265 166 169 285 197 262 28 207 193 254 146 271 3 204 196 83 140 174 241 241 147 188 101 138 90 124 159 10 255 297 6 22 36 228 167 93 73 174 80 210 235 2 118 1 187 275 165 129 229 270 9 136 248 2 225 258 207 62 189 101 16 22 285 197 237 122 284 31 221 169 20 128 35 67 104 248 129 94 13 272 33 119 25 265 103 43 38 34 98 3 279 247 284 151 209 259 76 254 71 197 152 259 81 11 170 285 185 230 283 119 149 293 235 279 47 295 279 270 259 19 229 294 191 2 12 149 120 168 298 218 205 227 14 143 235 135 250 11 43 230 279 25 180 116 193 282
6,263 237 229 194 35 155 17 232 187 66 290 141 208 252 165 216 135 211 145 155 80 2 65 3 162 268 22 87 121 180 165 250 12 2 180 158 162 138 95 243 122 262 111 17 237 64 163 55 97 290 83 92 121 170 237 233 274 18 218 116 93 264 94 68 225 171 267 21 130 262 39 125 93 68 63 80 38 194 59 105 294 199 144 242 104 9 47 176 110 208 150 273 55 50 253 114 163 234 167 44 276 278 115 1 230 149 141 93 15 58 204 281 263 15 208 119 43 16 70 97 87 203 199 225 71 222 80 256 183 101 288 187 273 38 123 262 144 250 97 5 235 33 141 15 28 166 198 271 173 100 169 222 104 225 59 77 273 258 61 257 158 25 36 136 166 140 118 220 56 98 291 290 3 128 295 2 34 254 41 235 234 81 44 297 209 28 232 60 172 128 60 263 138 90 62 120 90 113 155 182 40 110 154 124 206 8 141 93 127 2 280 222 67 41 152 88 154 135 93 244 265 276 83 121 173 213 19 39 272 176 40 43 34 155 119 164 235 88 202 266 137 273 72 1 273 197 197 69 244 205 91 66 187 29 113 113 33 173 151 273 265 115 159 253 227 6 21 8 39 73 122 169 162 6 284 127 152 205 131 95 163 167 70 8 92 149 229 89 183 294 109 108 124 175 158 182 187 194 69 106
7,59 55 1 131 190 35 74 104 286 263 57 52 194 235 34 261 255 32 173 116 264 126 8 285 118 168 62 99 271 244 104 249 298 26 189 279 118 53 103 32 60 108 195 149 11 48 223 223 5 112 241 247 72 298 183 189 215 260 49 108 65 27 136 267 144 54 260 42 295 176 250 137 171 131 29 149 290 133 238 90 125 148 291 91 110 181 98 104 83 128 131 201 184 95 21 49 59 45 126 234 39 273 88 1 200 134 167 289 6 256 246 194 203 210 283 254 19 92 276 138 105 200 143 282 94 56 59 252 114 256 188 120 214 188 135 111 106 265 253 244 4 89 211 223 288 36 8 134 6 203 157 251 218 219 204 25 237 131 142 34 199 219 126 39 72 60 190 260 55 297 261 107 290 126 75 164 43 285 127 80 281 29 224 16 247 46 126 193 12 203 102 120 91 296 220 257 234 290 214 135 236 194 240 28 105 116 266 199 51 99 276 9 272 282 297 227 255 6 143 283 29 98 295 60 135 216 8 210 202 156 252 259 189 184 236 55 30 95 242 153 13 7 18 67 257 157 25 11 239 270 269 152 279 294 184 62 267 143 292 94 18 189 102 1 135 100 283 132 27 265 51 25 243 86 256 115 252 224 288 27 25 250 110 83 138 219 240 153 7 249 27 148 86 80 251 146 176 50 152 130
8,258 212 274 4 39 285 148 16 107 196 146 241 270 267 166 267 131 290 283 105 251 157 24 207 239 186 195 98 130 20 128 55 66 68 17 201 123 259 167 40 290 103 296 251 136 173 122 100 147 268 36 193 105 102 111 104 31 84 163 31 45 190 106 228 30 84 112 113 146 31 237 171 52 46 150 124 263 181 38 262 266 131 114 174 233 136 46 110 216 83 265 154 4 52 102 258 12 154 292 34 185 99 286 93 39 157 169 295 50 18 121 22 222 61 118 111 272 70 165 16 148 84 262 73 174 164 11 209 32 206 172 33 5 196 66 293 1 257 3 0 42 132 146 54 250 261 128 187 209 46 119 109 120 103 109 273 104 176 270 7 52 25 114 103 141 45 140 203 260 34 85 100 233 199 85 261 221 284 151 144 102 297 106 159 6 8 40 238 41 259 42 190 108 287 27 272 216 210 44 29 229 41 91 85 187 145 135 248 13 191 44 74 30 264 227 59 41 201 79 72 157 256 158 95 36 112 26 239 105 113 63 58 234 208 278 129 138 83 140 11 233 199 75 237 71 95 283 131 143 286 141 280 8 214 219 262 184 98 126 66 254 159 28 159 271 260 273 249 92 197 32 181 60 3 112 229 191 276 245 277 272 177 3 187 235 244 242 3 177 77 114 116 124 120 79 131 108 133 22 296
9,33 263 249 233 223 275 82 241 279 209 204 182 137 141 67 76 275 104 216 97 289 83 122 80 292 247 142 67 235 38 87 11 50 176 2 251 61 57 283 52 95 68 161 15 191 38 195 191 30 248 23 202 283 102 201 3 265 82 212 200 119 265 259 194 114 106 207 66 279 267 140 129 17 213 190 258 11 142 274 122 284 80 131 218 110 77 16 256 271 270 140 13 230 52 98 46 295 200 24 159 60 295 95 27 157 279 89 102 245 92 74 179 208 292 254 121 270 270 132 191 120 105 245 144 298 83 182 152 89 263 1 212 214 275 151 71 202 191 178 77 151 77 100 33 229 254 226 250 109 277 262 77 107 90 245 175 160 67 203 236 199 102 34 91 210 175 208 229 275 122 71 55 254 89 286 267 74 190 293 226 153 80 18 133 92 31 222 30 248 18 55 92 90 138 103 297 152 5 248 40 281 53 152 147 96 19 90 223 260 35 288 160 35 248 189 63 285 252 83 70 199 251 29 296 128 282 297 5 84 275 154 101 14 150 247 225 291 221 226 58 122 105 165 99 275 26 54 247 107 161 200 84 175 98 217 201 186 55 121 267 129 260 276 231 272 249 279 126 194 65 130 205 214 7 172 230 76 229 102 67 201 146 212 27 56 256 63 196 129 99 145 38 60 238 178 208 95 114 263 137
10,16 249 38 194 292 160 85 87 135 2 199 247 32 113 17 114 135 185 134 7 16 108 285 277 142 242 102 46 206 209 59 185 197 149 28 119 59 126 166 5 246 133 112 16 258 175 176 77 30 296 108 240 67 135 204 237 206 123 138 114 273 292 45 98 87 254 262 144 57 162 57 119 178 198 30 185 146 146 221 44 191 25 150 62 220 16 283 85 284 212 222 195 10 15 11 206 204 155 58 250 210 117 137 22 164 176 53 256 67 127 148 150 72 20 17 248 168 51 297 249 202 188 278 32 30 85 176 22 86 159 48 214 280 144 28 214 68 278 234 135 230 49 218 266 258 70 52 282 252 239 153 228 118 93 104 111 273 79 178 62 109 164 237 296 44 128 86 19 115 137 245 254 213 52 263 292 251 59 272 295 134 9 145 56 287 217 75 274 194 179 210 96 245 90 39 201 178 105 139 84 266 140 82 29 49 43 6 1 92 262 231 119 93 99 213 122 38 129 29 298 155 259 111 280 217 148 87 179 40 193 246 70 160 196 209 151 292 142 73 6 246 272 61 38 24 213 93 169 182 13 2 248 51 1 102 172 51 226 285 170 127 202 239 240 2 27 85 39 18 18 148 71 49 64 299 86 75 238 168 85 286 60 236 62 12 135 1 25 86 84 73 247 167 13 187 179 266 19 250 37
11,286 137 26 38 164 280 285 179 128 73 21 274 126 33 283 89 148 245 185 282 122 252 207 143 115 28 127 129 16 144 283 74 52 114 97 165 60 254 76 19 162 2 273 154 269 138 154 207 24 192 161 108 23 171 50 298 161 187 207 216 119 173 42 216 199 156 138 131 160 91 53 169 165 156 112 221 49 214 172 99 103 170 44 80 185 289 231 251 158 169 138 22 292 50 168 82 97 64 234 60 194 5 213 32 243 91 284 47 286 26 91 97 173 122 238 105 62 114 121 212 109 219 105 7 95 70 149 45 182 45 74 278 228 129 102 212 17 109 128 201 77 298 72 181 216 13 156 37 104 216 137 19 166 103 227 15 257 164 141 236 262 53 138 149 183 68 42 112 269 66 225 144 199 157 93 193 80 73 82 15 277 37 108 234 149 209 198 211 3 250 63 178 174 114 140 75 164 73 47 230 295 16 38 92 298 255 228 276 271 138 195 282 45 276 73 274 61 242 94 161 70 238 15 67 7 98 198 171 283 113 243 171 91 293 111 67 101 268 111 34 241 61 247 74 233 97 257 260 111 12 260 226 89 149 263 84 16 38 218 57 157 175 182 146 64 109 188 118 86 149 233 66 231 22 29 206 163 59 234 228 20 206 195 273 158 199 116 141 16 62 229 216 2 129 29 107 32 253 163 107
12,269 41 30 192 44 67 184 160 130 2 198 155 219 20 200 232 68 173 212 57 167 23 155 55 195 244 69 54 198 33 291 208 286 36 83 105 5 125 184 283 29 192 238 95 202 11 243 108 44 65 39 293 135 284 131 60 42 167 61 204 86 202 132 265 278 284 224 141 12 176 57 244 148 166 73 206 177 239 17 124 131 76 4 35 132 168 275 55 128 143 58 175 132 182 294 1 246 281 279 41 64 178 217 88 175 62 259 84 167 3 51 53 5 234 124 9 91 63 120 203 27 125 235 93 272 240 110 83 287 116 145 91 98 94 188 86 134 175 283 263 180 59 138 185 42 123 67 69 13 151 67 153 87 223 180 294 122 194 7 212 132 280 119 9 206 126 107 82 238 102 179 239 202 147 181 263 298 109 63 123 246 20 90 5 281 64 31 221 177 221 79 52 7 10 135 138 202 267 174 188 257 102 202 120 103 274 144 131 258 144 47 115 133 5 103 295 10 118 259 206 11 215 138 78 299 176 152 189 153 250 163 9 296 279 290 7 197 250 124 92 164 22 28 103 158 39 220 145 188 79 161 47 166 210 16 84 175 41 2 256 287 179 112 127 175 81 284 33 21 1 288 215 53 106 209 200 169 236 187 56 211 258 256 293 58 173 204 106 204 169 146 160 256 226 125 153 37 227 246 133
13,260 9 161 285 211 154 60 141 105 116 89 118 99 183 170 58 51 44 208 74 105 263 234 286 43 36 164 245 14 223 107 151 122 220 19 172 83 250 160 124 30 143 201 263 278 229 207 170 61 284 202 267 284 16 223 80 106 92 137 13 38 210 76 197 179 42 111 283 299 7 34 182 273 67 284 238 123 266 186 56 219 186 189 81 283 186 286 145 252 103 112 225 217 37 258 155 207 30 12 31 212 222 67 160 122 80 214 58 147 59 12 213 203 260 29 33 182 277 251 42 266 160 77 60 224 53 130 171 230 278 118 126 1 65 192 115 52 142 273 114 278 86 24 199 281 147 121 194 229 177 298 111 103 147 6 183 249 59 211 135 64 247 119 36 131 123 268 210 87 126 135 275 18 269 22 23 123 211 169 299 97 289 123 44 257 42 133 164 171 122 122 52 182 239 215 273 145 126 214 3 76 140 157 166 232 96 152 272 152 39 224 230 85 36 30 35 56 240 278 291 161 196 194 232 49 247 254 201 197 74 114 170 5 5 13 125 224 9 129 289 159 240 128 82 217 208 272 200 87 256 74 70 190 44 146 285 99 92 238 6 277 89 186 86 62 207 111 72 90 48 296 84 33 15 278 230 137 280 213 24 213 141 144 158 206 291 170 291 6 109 195 12 205 187 82 274 15 31 194 158
14,61 255 121 136 96 112 224 93 273 21 163 68 106 70 258 22 255 178 176 115 100 216 202 8 93 147 223 103 242 183 221 208 223 101 242 292 285 122 152 34 32 137 126 204 105 1 298 218 98 163 178 242 34 94 37 256 18 140 186 135 194 73 127 5 29 255 86 160 268 35 181 194 253 143 268 223 218 293 66 182 103 128 213 269 41 248 13 50 251 203 252 267 41 255 192 29 103 9 2 284 71 74 188 5 104 165 51 189 272 187 196 155 211 156 249 219 62 221 88 233 286 256 46 236 27 26 43 218 56 177 129 136 14 145 281 254 186 167 92 211 48 135 280 90 4 160 69 24 167 286 147 259 110 58 17 4 190 79 214 45 264 193 98 137 53 42 23 108 22 168 202 74 227 85 146 218 170 47 61 21 15 100 211 70 7 122 68 260 142 81 15 124 262 21 284 239 16 234 114 57 116 126 200 267 164 240 250 105 111 175 257 252 262 201 135 109 106 53 128 84 209 1 162 79 116 9 225 239 219 46 172 280 266 235 76 277 163 24 205 61 60 37 170 129 146 234 228 295 234 45 39 217 265 237 163 122 193 212 156 47 284 221 91 59 42 19 248 287 99 147 185 172 157 228 278 90 215 145 254 84 215 215 147 248 150 62 178 275 13 137 273 42 280 216 57 175 276 104 128 268
15,39 21 111 93 267 227 223 200 37 97 270 199 142 217 250 110 259 145 271 249 237 144 68 169 12 143 299 257 25 204 211 210 256 104 100 63 249 65 60 117 279 244 223 25 175 222 86 17 87 142 64 100 215 38 24 199 124 232 174 38 261 148 45 125 115 255 164 6 177 48 222 113 60 231 191 147 88 101 83 279 232 192 112 24 98 163 145 289 61 259 253 75 237 290 87 201 140 27 126 109 23 289 14 116 112 99 191 105 5 15 37 293 32 175 31 233 151 224 261 286 230 85 16 228 111 45 290 92 111 280 149 270 207 182 77 104 251 20 74 121 96 245 275 221 232 57 286 197 32 170 299 127 170 236 266 186 167 136 65 189 17 140 260 221 34 256 68 203 109 267 7 148 151 160 200 96 7 6 149 253 283 60 128 42 207 103 214 269 188 265 220 299 103 241 242 6 120 209 13 58 66 286 91 159 27 47 31 294 143 147 114 15 50 74 127 158 118 259 166 248 247 213 220 228 207 133 137 201 82 31 41 273 256 148 178 279 63 182 162 157 233 281 141 35 260 208 152 169 50 119 284 119 150 192 8 234 179 141 254 164 19 242 28 62 258 60 181 252 57 76 175 259 109 74 100 15 25 112 190 82 255 94 115 77 270 164 211 88 268 227 283 233 125 273 133 56 296 296 212 26
16,199 75 64 74 63 31 226 110 45 207 64 158 21 296 265 41 191 127 201 162 216 208 267 20 176 287 83 69 44 200 85 205 110 104 50 226 220 236 240 130 288 71 49 128 222 247 200 186 275 226 142 86 231 12 184 23 164 37 276 250 25 22 5 62 187 171 92 287 60 116 10 111 175 288 195 182 184 31 31 35 46 41 251 73 217 217 173 160 12 120 280 55 26 16 285 262 92 164 265 284 281 58 273 217 67 119 11 105 232 156 221 114 100 221 64 68 44 235 140 271 173 103 139 17 150 237 72 49 77 243 108 251 15 231 123 275 35 147 48 220 119 112 179 90 119 187 267 180 17 184 147 48 186 113 36 120 91 125 45 92 224 2 128 197 178 190 237 82 294 25 82 6 277 18 112 146 159 268 2 273 76 168 180 55 230 206 8 9 18 62 298 281 67 107 225 170 199 182 86 295 171 278 259 15 118 228 247 294 80 204 12 44 116 91 100 178 177 37 182 104 32 211 210 94 257 231 140 205 50 58 36 179 239 144 204 217 107 43 210 128 245 209 1 258 263 18 35 206 288 190 131 95 42 21 186 213 42 116 205 76 93 96 181 43 232 271 134 278 23 214 8 199 244 165 144 286 60 110 114 80 200 133 157 265 44 94 157 179 51 32 78 298 260 91 285 167 79 236 275 8
17,51 97 216 235 186 273 41 160 80 277 250 197 53 79 112 197 230 152 226 295 154 23 73 73 214 19 295 23 83 12 174 16 0 139 284 19 250 4 74 227 286 247 261 235 100 63 109 174 215 215 105 188 95 18 156 250 248 245 24 41 109 32 119 264 144 104 161 224 77 189 124 178 14 13 43 145 70 104 178 282 231 88 97 34 220 56 241 281 252 132 46 11 108 73 150 275 178 265 156 98 140 120 235 21 211 49 126 193 109 25 207 37 203 61 66 27 150 236 255 275 121 242 150 59 255 217 48 102 251 297 94 28 70 68 146 121 178 182 116 254 129 76 137 262 2 221 49 58 122 87 290 9 180 39 4 222 273 124 285 172 278 191 292 210 192 141 150 97 140 147 4 181 60 275 170 228 23 70 105 112 212 195 249 218 166 158 35 179 125 128 270 70 140 97 264 256 70 115 271 161 167 241 214 69 163 276 243 8 70 93 96 42 155 85 200 233 214 30 2 169 136 297 0 213 234 58 169 293 148 85 238 265 191 292 142 20 267 125 58 219 227 23 274 191 154 59 23 245 249 160 86 121 140 141 161 46 283 94 146 133 92 265 147 82 25 163 200 221 223 162 163 152 130 112 250 229 199 74 72 15 238 236 110 237 282 25 87 218 166 190 66 222 234 298 68 138 273 150 55 212
18,85 204 89 59 56 269 265 163 241 105 47 266 170 184 237 191 109 206 63 248 108 263 193 77 174 282 105 215 61 79 50 118 273 107 16 171 175 236 40 46 291 231 260 70 220 204 239 263 101 23 224 49 138 191 268 265 247 256 76 247 47 73 114 150 42 140 114 32 128 253 114 95 184 233 33 143 198 99 232 88 181 53 81 93 139 297 87 293 78 248 179 276 172 24 226 292 94 33 124 110 170 236 239 68 19 270 43 5 0 38 268 255 143 216 189 131 47 287 243 149 118 42 41 187 100 206 127 265 10 183 109 297 279 213 78 240 237 3 78 169 236 72 82 226 194 27 130 86 25 72 94 25 88 133 281 28 56 80 290 103 287 142 99 282 129 115 119 75 299 272 17 130 112 234 58 197 258 107 107 214 199 147 4 257 233 243 101 188 183 38 263 143 201 63 278 213 259 230 19 209 147 75 250 230 223 190 102 268 100 137 127 113 197 75 204 75 273 282 151 33 81 218 20 246 165 157 283 206 265 50 208 73 37 15 164 16 211 251 0 253 61 120 90 151 129 228 73 135 174 62 78 201 23 102 74 91 0 113 215 247 165 114 282 163 202 19 78 250 39 30 42 146 281 67 5 135 278 63 173 135 79 141 88 52 269 103 97 13 238 225 259 284 102 216 239 153 74 81 7 111
19,188 85 296 92 79 226 46 196 147 122 288 108 85 253 259 3 144 182 115 57 27 265 9 274 155 158 230 94 188 103 253 101 96 33 274 155 197 283 6 228 105 142 59 41 252 88 136 277 109 17 299 20 48 152 117 33 60 293 257 142 12 154 86 197 161 12 20 141 96 139 217 3 42 183 214 81 80 253 270 296 141 248 200 273 0 190 69 179 64 63 277 109 25 9 138 165 102 260 54 251 139 188 98 14 70 138 93 79 85 148 37 180 284 30 151 61 117 31 79 248 16 216 119 78 247 246 91 133 253 26 210 282 219 90 259 106 293 150 202 219 9 268 26 132 176 213 226 151 230 277 277 8 289 283 271 155 11 81 228 255 282 99 171 111 228 242 161 91 265 47 57 192 44 246 52 280 267 208 82 166 8 292 24 271 15 63 266 3 267 201 272 211 156 79 138 3 149 117 234 106 48 113 55 189 52 208 227 175 199 232 86 236 279 42 50 171 284 189 239 10 206 248 94 252 172 220 175 141 86 46 197 185 290 222 113 292 287 133 190 116 60 293 173 269 273 78 155 290 168 100 55 87 146 214 254 181 217 92 235 104 73 34 275 283 70 152 77 292 113 35 187 189 186 103 18 269 181 273 17 152 46 17 19 156 279 108 293 43 164 9 111 123 31 63 193 139 13 62 117 57
20,110 24 263 170 258 285 212 119 135 221 41 43 170 122 102 275 253 213 167 96 248 13 210 79 294 185 223 179 201 40 25 90 286 68 182 162 114 176 119 273 63 242 136 109 245 167 25 184 134 207 249 157 121 84 208 293 249 248 197 280 178 126 129 149 57 32 275 231 194 288 272 91 129 11 143 254 175 146 237 131 72 106 43 106 67 103 101 217 255 125 1 278 247 283 109 171 38 125 243 203 265 213 238 280 271 180 43 284 128 98 223 70 201 259 164 94 255 148 187 20 276 297 113 250 17 240 296 238 201 228 248 200 82 190 2 141 268 107 2 65 66 25 173 86 64 2 196 149 119 241 180 38 136 145 75 189 209 55 225 183 159 96 196 270 271 258 75 106 239 53 100 127 91 46 286 203 253 275 152 205 120 0 289 111 227 32 39 283 30 48 105 249 182 234 1 11 131 125 243 156 119 232 265 236 4 234 82 293 172 113 224 153 209 183 19 92 42 234 182 206 214 251 160 229 94 27 29 146 215 176 226 11 178 125 141 89 282 279 60 132 297 86 187 72 224 38 174 2 211 241 140 272 55 193 243 62 203 280 209 84 231 145 205 55 107 31 21 187 192 51 204 295 125 280 213 1 234 174 32 127 271 292 45 192 121 164 259 252 94 117 219 273 7 278 51 215 20 139 238 221
21,212 259 297 146 176 177 122 77 184 159 11 205 113 106 121 50 81 295 174 208 71 175 29 251 146 21 79 163 252 124 241 278 246 74 22 211 204 32 41 242 192 31 267 33 272 229 29 76 281 278 56 228 247 264 26 15 30 233 73 4 153 90 89 238 7 202 15 252 246 263 193 204 56 184 104 268 115 110 128 45 159 104 150 7 225 101 32 118 148 95 173 6 74 291 57 166 21 220 283 191 212 56 298 15 221 93 11 100 228 165 113 178 277 203 38 86 197 293 64 261 273 226 129 176 271 93 25 99 254 94 30 228 211 263 124 85 115 54 9 172 3 51 94 51 250 238 274 83 280 41 21 272 164 211 222 52 292 211 278 177 62 127 28 187 211 5 88 10 191 245 52 119 250 170 40 201 135 82 115 91 281 205 66 268 47 156 76 60 17 212 15 82 103 282 68 63 294 130 5 137 93 163 40 102 200 114 195 255 193 61 136 57 225 99 247 227 188 151 169 112 92 294 234 123 143 201 176 67 259 218 80 233 6 4 273 27 162 203 279 298 172 21 239 57 24 100 44 167 284 291 7 114 12 220 299 43 8 282 218 154 107 54 23 80 282 217 215 237 45 196 117 152 196 86 203 15 218 10 127 284 153 142 50 17 77 272 71 55 184 88 193 282 134 277 277 117 262 20 277 179
22,165 121 224 274 204 139 10 140 87 225 298 180 99 144 138 277 95 141 64 136 292 49 92 73 0 91 227 184 177 79 289 14 43 70 276 96 240 277 190 110 259 90 127 29 55 160 297 142 239 123 197 16 257 113 55 102 65 46 67 190 134 133 144 194 80 264 260 15 126 203 289 199 14 138 145 10 128 220 257 263 195 83 113 78 184 202 285 65 113 180 123 273 17 242 178 80 172 275 71 268 128 104 133 255 222 262 11 79 214 261 269 212 232 245 2 98 264 261 249 286 10 16 211 69 113 152 286 99 91 12 233 185 156 7 7 197 27 71 52 174 238 173 253 122 225 118 74 63 127 198 251 218 191 223 271 119 97 16 259 159 9 255 49 99 112 166 224 27 33 228 105 179 243 106 166 125 104 27 21 190 1 26 204 252 163 81 111 60 250 32 261 286 146 106 274 34 22 187 41 197 29 31 144 231 71 82 278 254 244 44 246 108 22 61 157 67 138 216 86 212 27 181 282 2 114 119 85 141 115 146 254 274 26 296 181 59 82 58 178 199 84 276 1 1 252 139 176 259 274 245 253 90 135 122 0 93 252 16 137 19 91 63 182 203 147 117 89 257 168 251 268 273 94 46 197 164 256 226 262 277 42 293 49 62 135 290 20 287 86 184 224 47 216 167 16 135 121 55 179 224
23,123 199 264 32 238 253 220 177 248 51 212 156 286 71 139 52 41 10 152 75 2 183 113 43 296 270 155 240 212 221 31 178 235 155 64 213 144 80 194 0 70 189 149 81 89 280 52 167 196 182 47 124 114 163 232 134 283 96 295 107 68 65 265 264 15 121 71 144 30 2 66 163 231 280 294 129 269 160 210 189 265 45 59 150 165 262 275 40 7 36 279 101 10 164 142 286 40 122 161 41 146 114 226 61 249 53 87 17 294 72 286 122 283 205 195 292 252 200 99 59 281 243 233 265 58 58 262 70 52 108 43 265 192 107 228 43 195 16 258 284 243 66 51 161 234 49 138 269 24 238 51 173 134 14 171 287 214 228 296 68 87 273 290 249 242 146 62 180 136 98 223 107 97 231 226 252 198 158 25 18 217 273 40 46 155 26 22 121 36 237 256 266 209 6 266 190 19 241 160 161 95 262 17 126 137 182 186 104 275 170 73 202 105 87 153 28 215 266 275 289 81 214 296 199 166 88 292 261 234 243 246 145 104 267 231 116 179 297 159 83 32 234 61 93 56 209 3 237 222 118 177 140 277 149 203 278 85 110 282 130 29 238 288 80 286 70 189 9 257 9 92 131 263 80 156 230 3 226 61 243 3 184 181 269 258 262 86 285 271 37 57 109 268 293 69 3 111 57 105 62
24,253 12 29 71 89 218 135 91 298 178 189 43 16 103 138 54 151 179 8 32 226 250 65 284 156 292 153 14 268 252 91 23 181 107 103 71 96 5 220 220 282 57 103 112 152 217 2 288 211 29 186 260 294 176 128 158 210 269 128 233 299 163 295 195 75 252 49 63 117 237 19 299 152 62 175 133 108 289 13 267 197 94 140 274 111 149 245 48 126 17 239 159 241 239 63 204 198 98 0 213 71 151 62 214 127 81 250 212 50 238 117 18 107 229 264 189 228 211 4 201 87 95 122 71 218 221 62 288 83 242 119 3 62 58 43 132 180 225 148 190 283 189 95 128 56 245 7 167 152 261 67 44 216 268 152 74 92 165 263 264 149 107 34 277 295 105 114 87 287 120 189 23 191 102 260 162 128 125 204 107 123 166 105 171 7 218 221 148 226 86 41 187 125 160 5 222 193 120 260 262 70 101 17 29 264 149 248 64 264 182 249 5 171 210 2 71 75 67 186 106 172 159 91 243 99 179 81 237 179 24 204 81 157 209 73 142 103 143 207 250 84 233 49 7 100 294 274 1 281 139 91 274 12 206 110 259 217 39 234 246 64 170 129 32 152 248 109 228 42 195 83 57 177 17 249 126 245 20 213 126 190 282 31 13 43 248 243 204 7 121 107 217 101 141 284 4 27 223 236 5
25,178 123 94 185 203 258 41 234 10 14 112 166 87 97 90 38 262 30 125 166 12 38 196 260 260 83 176 279 112 176 229 88 13 162 16 244 225 102 16 286 187 49 114 88 200 270 17 104 77 261 35 245 2 60 293 28 191 0 151 208 259 24 26 266 254 263 270 225 36 16 159 185 262 119 35 35 251 241 152 137 51 219 298 47 166 53 71 88 275 126 94 159 97 14 218 249 81 191 206 229 277 195 55 135 22 41 247 188 144 296 42 35 122 81 111 95 53 184 37 299 295 217 96 12 292 79 79 63 56 53 179 122 266 21 288 48 198 196 182 142 231 164 60 251 241 182 163 288 130 184 109 70 191 31 166 93 296 123 290 160 149 81 223 92 178 82 58 247 252 160 282 129 90 258 69 12 275 250 204 232 45 39 267 245 266 273 38 30 99 230 226 259 97 25 132 14 16 255 0 26 12 64 213 132 277 257 103 154 24 202 40 296 248 61 277 237 35 243 18 32 287 279 32 205 33 18 181 143 260 244 25 120 107 271 47 9 230 207 260 70 264 13 156 186 91 102 242 213 247 166 232 240 297 247 108 75 154 29 62 135 129 285 264 150 142 237 166 78 279 145 197 298 264 275 44 54 76 195 164 251 22 152 41 175 245 246 172 234 73 21 78 274 106 284 268 46 93 69 146 280
26,299 291 257 36 268 11 166 38 0 190 108 149 120 65 265 142 0 158 94 293 127 2 27 131 100 130 29 139 48 249 204 148 242 175 85 13 186 276 77 232 277 92 121 10 105 109 191 153 296 198 233 81 274 149 299 194 293 227 113 233 78 152 159 272 260 19 138 205 259 195 168 6 22 77 140 232 15 112 89 197 231 236 213 175 13 168 186 34 202 112 84 287 213 1 228 248 119 128 99 12 225 291 149 65 170 219 200 71 86 9 233 32 253 240 155 203 41 24 114 31 89 102 52 247 52 214 32 94 159 86 141 240 82 272 191 210 281 141 28 236 280 259 37 98 291 81 235 132 179 223 26 80 138 279 258 162 139 257 127 227 291 279 18 290 70 234 102 201 253 130 251 121 136 144 286 155 210 292 168 141 256 41 299 136 94 15 187 118 11 12 202 144 182 109 22 142 253 12 51 144 280 130 282 283 214 253 262 90 58 252 24 47 178 24 6 98 147 204 237 208 200 274 234 263 199 155 4 187 90 70 183 127 42 26 30 207 134 204 233 190 93 144 207 196 269 253 295 208 39 192 286 69 249 22 167 255 20 260 220 10 126 20 102 39 110 123 140 57 90 203 147 65 236 82 137 41 210 49 211 213 200 130 170 237 263 65 225 168 139 112 107 118 45 11 273 188 245 216 185 253
27,157 222 8 278 149 290 260 126 294 230 276 255 157 127 193 220 56 124 82 128 165 92 298 134 112 127 224 84 64 60 204 99 144 188 18 46 157 211 170 96 264 86 108 57 60 19 50 248 79 110 196 198 190 290 36 288 32 56 244 269 43 187 51 164 133 47 248 237 212 114 277 8 135 96 113 69 41 205 193 95 93 91 257 182 58 112 124 124 271 28 96 248 280 126 270 255 84 112 211 133 216 248 128 185 152 247 89 43 224 219 190 84 151 48 6 68 52 125 139 157 102 260 88 2 193 7 246 99 51 88 232 56 219 195 66 27 181 94 98 256 1 60 225 236 205 75 262 272 120 126 186 203 33 54 21 129 151 156 167 136 280 194 182 53 147 231 203 143 138 160 49 76 73 94 187 163 241 247 220 250 281 227 37 16 82 172 256 220 124 262 87 134 198 90 9 196 127 235 13 204 33 178 134 56 119 243 174 14 65 221 253 67 212 184 84 38 79 14 221 299 237 196 94 70 4 186 58 117 222 299 240 14 284 260 245 259 180 167 196 189 174 20 270 60 194 268 202 25 273 295 292 37 124 274 222 185 283 257 148 229 240 139 220 156 199 269 228 143 131 287 111 91 51 176 51 151 204 179 206 89 177 213 81 142 284 150 278 237 264 239 143 293 247 9 248 153 223 72 50 21
28,75 293 113 85 79 298 259 275 155 138 94 71 159 114 125 210 269 144 50 234 125 42 89 205 154 281 151 260 228 84 173 179 169 282 195 66 198 255 279 224 150 70 0 161 201 196 21 79 20 288 48 56 78 72 30 253 204 72 206 37 197 285 226 114 39 249 39 73 293 194 194 83 151 270 26 77 285 29 97 273 79 143 68 63 29 169 183 52 3 92 137 250 21 269 264 190 272 76 210 213 31 7 184 23 78 106 72 213 184 119 116 79 37 48 53 104 189 266 111 237 228 99 131 7 166 116 6 51 116 160 119 233 111 291 136 241 159 25 164 146 174 139 77 101 117 247 214 86 77 190 17 44 236 105 79 13 257 136 93 27 101 50 167 97 32 29 200 160 226 169 119 117 278 244 161 44 298 21 80 53 220 217 61 140 89 57 164 33 54 73 250 29 278 70 19 298 275 256 207 46 146 35 217 183 108 101 25 167 98 46 219 99 207 148 218 52 273 128 77 89 34 130 241 116 176 199 291 263 28 34 60 43 70 218 249 295 93 238 289 23 54 240 70 195 221 267 21 104 58 176 160 252 238 10 21 269 222 118 287 129 221 70 297 8 138 230 63 81 96 78 59 285 211 109 209 263 6 123 150 189 101 256 268 275 200 26 187 210 17 90 201 104 254 165 4 142 216 59 148 95
29,177 98 294 34 171 141 261 286 207 159 48 110 142 78 226 24 3 10 117 156 193 181 158 25 229 229 11 118 72 237 292 178 256 272 53 12 101 225 174 265 2 5 298 187 123 251 145 279 52 245 57 221 210 79 62 125 148 227 63 71 233 113 66 111 8 201 29 116 63 117 36 51 71 47 37 85 285 222 236 143 277 127 209 53 184 251 209 232 103 178 69 242 271 296 170 130 143 224 141 227 206 109 133 106 133 26 247 67 46 266 77 88 155 136 83 107 221 261 231 132 173 113 273 179 144 12 129 139 291 92 243 216 184 137 142 43 187 265 68 226 262 68 234 264 71 121 202 254 89 274 1 191 221 26 292 109 195 181 39 19 111 82 264 212 138 53 99 267 234 110 221 234 122 27 36 33 269 77 144 253 14 187 78 95 273 74 248 54 7 282 125 100 72 10 68 158 250 45 152 233 208 270 96 105 120 270 124 161 54 257 81 44 70 38 24 120 184 183 111 88 172 87 75 236 174 73 170 162 195 202 161 270 0 91 246 56 45 88 102 119 245 268 157 251 171 53 82 79 216 54 4 208 58 2 13 129 24 97 288 192 250 225 117 114 230 9 136 228 22 91 140 255 290 144 228 284 209 145 165 180 8 63 157 157 91 250 4 53 85 220 154 29 27 89 23 249 275 125 112 177
30,138 165 135 256 154 152 11 137 16 266 41 71 241 18 220 115 263 168 295 212 259 233 121 172 172 56 167 92 182 154 67 7 161 295 77 10 253 22 165 116 295 136 268 140 84 172 62 291 45 108 244 276 289 76 278 179 201 1 124 159 37 96 69 246 24 297 251 3 31 287 139 80 37 9 169 168 55 182 125 200 289 288 161 3 14 89 43 113 203 168 238 143 57 135 8 53 275 60 88 99 186 158 254 213 101 296 287 18 241 106 6 0 198 105 99 0 188 133 31 223 43 206 0 276 60 93 118 100 69 44 213 103 22 100 167 254 235 220 22 70 158 106 135 34 189 8 279 161 83 81 202 22 259 191 87 233 171 283 218 146 206 46 9 131 243 41 187 208 290 103 152 89 217 211 203 181 233 237 125 256 60 80 120 90 108 213 67 292 58 143 128 229 166 41 121 193 228 144 135 156 241 84 81 180 222 247 74 82 165 210 208 99 122 288 222 30 252 255 241 80 24 20 113 135 47 100 194 256 198 227 126 189 216 190 275 176 102 273 261 19 82 272 235 89 190 274 99 78 40 142 69 74 45 237 216 61 12 116 279 162 218 56 247 164 43 155 257 253 243 79 25 50 76 202 32 270 32 177 235 223 131 19 63 255 234 284 195 210 37 248 147 211 120 29 200 70 52 96 177 116
31,13 22 68 230 248 101 109 53 110 152 110 98 180 198 106 41 148 106 284 254 185 121 277 258 125 235 11 37 238 192 295 170 164 29 237 145 271 144 236 166 2 112 222 99 76 99 278 100 127 219 205 206 118 203 25 74 77 149 159 203 0 161 13 244 107 213 177 254 233 181 195 211 120 181 100 43 44 177 96 110 187 200 88 201 297 7 293 240 72 23 61 186 197 165 5 19 284 75 163 274 151 48 281 251 258 125 115 117 250 44 273 12 170 243 179 272 152 50 246 23 85 187 33 211 252 30 17 288 118 63 279 246 245 235 269 170 111 18 231 59 202 209 283 189 59 110 28 293 38 212 33 296 35 9 218 165 132 193 257 126 82 120 67 179 173 108 295 93 220 121 244 222 90 11 1 241 212 95 130 148 280 173 123 81 91 41 28 168 99 154 6 83 82 59 220 228 189 216 10 217 101 79 255 17 252 26 291 125 164 200 27 250 280 157 60 9 93 249 196 233 221 266 47 190 125 1 196 30 274 176 194 112 292 47 44 123 91 246 17 125 75 70 262 105 269 90 92 74 143 62 164 123 292 228 173 96 68 263 211 138 174 143 113 116 262 166 84 284 298 202 244 264 71 15 158 230 21 180 122 157 96 204 295 145 256 23 288 174 31 213 107 14 288 187 250 79 83 221 61 175
32,59 261 58 274 299 211 101 179 256 273 19 276 280 41 100 224 206 100 58 269 81 124 46 259 190 259 141 280 250 120 65 86 66 95 184 155 87 219 222 11 91 180 129 160 26 259 241 74 40 150 159 20 19 279 191 135 197 136 176 285 138 189 211 115 40 258 242 153 272 215 180 19 38 282 279 286 225 151 198 118 202 256 29 96 11 5 41 124 58 289 142 151 55 228 83 29 132 29 210 57 283 41 161 273 218 257 242 242 44 60 122 292 18 262 276 182 122 102 230 77 66 162 299 236 66 274 210 219 213 195 258 58 264 52 123 233 261 183 269 115 192 231 243 246 47 28 110 231 69 88 261 40 273 25 13 162 222 232 111 229 168 201 243 223 156 294 76 165 43 180 4 238 164 69 122 113 155 298 255 285 153 257 184 150 211 159 131 136 84 73 145 72 298 191 277 127 273 112 171 146 46 197 55 146 293 287 98 208 189 111 244 204 74 6 194 52 65 82 163 78 46 265 131 275 16 204 284 108 106 269 110 138 145 227 172 99 171 288 57 19 147 272 49 166 164 33 126 290 247 185 266 177 266 150 188 96 102 214 115 161 144 287 130 122 173 253 12 158 150 183 42 122 190 277 181 256 139 228 30 74 227 30 69 63 11 245 191 253 231 183 143 46 32 65 180 253 157 33 199 285
33,147 130 254 296 172 61 92 30 140 88 248 55 285 246 212 281 241 12 278 294 286 232 18 67 84 17 140 218 247 5 270 285 54 280 283 137 224 49 283 87 60 107 270 50 209 14 203 95 149 66 104 94 135 182 278 223 274 204 147 238 206 66 206 283 36 283 286 51 221 228 60 124 50 277 143 206 134 267 290 289 278 84 198 288 269 112 249 199 294 153 34 165 67 26 225 79 31 188 252 39 128 204 115 283 145 185 96 299 170 165 220 258 202 243 189 167 228 252 163 214 61 156 294 12 104 58 35 198 47 219 114 89 12 61 33 115 109 89 288 15 40 60 242 11 196 95 164 282 27 229 117 240 166 26 116 216 77 165 257 121 286 173 285 257 20 225 106 291 28 116 247 214 293 81 169 95 226 298 264 54 24 158 229 251 100 286 256 200 138 69 140 47 189 72 213 191 282 38 180 299 150 247 56 295 252 6 98 116 168 247 186 17 90 165 226 35 19 92 297 229 69 201 266 206 235 35 215 106 191 223 210 176 110 155 171 19 265 166 192 34 38 1 9 182 251 201 107 55 204 270 113 80 45 210 95 162 289 259 22 248 132 157 247 224 233 20 105 174 77 5 155 29 85 220 149 265 49 158 0 34 161 70 10 49 241 30 38 204 143 282 130 131 82 68 240 12 17 19 184 274
34,129 77 291 48 21 249 153 3 162 47 89 189 112 276 84 264 213 188 81 116 246 167 109 60 37 125 236 197 253 58 244 74 63 236 84 134 28 271 22 74 73 83 251 133 169 279 14 26 67 281 157 182 267 181 104 137 26 145 125 123 255 265 290 116 106 264 212 40 257 240 184 145 51 293 295 286 49 28 227 152 232 44 235 36 138 19 70 43 120 100 218 276 48 245 217 193 152 50 251 250 145 87 59 104 77 215 158 42 85 267 163 31 214 51 172 287 206 268 103 64 94 289 214 289 154 50 24 244 267 139 275 169 56 183 185 46 133 122 217 16 266 145 167 127 109 15 119 45 144 149 14 54 107 123 218 169 299 175 2 80 117 162 24 274 1 243 259 118 22 247 45 253 229 103 54 184 163 141 262 93 88 134 20 101 148 138 205 71 271 71 286 44 50 96 275 156 261 229 78 287 253 33 19 292 39 119 161 290 287 35 291 0 48 155 89 118 257 147 11 46 159 147 2 106 116 159 67 156 183 242 146 217 204 57 256 188 158 74 188 25 246 93 77 183 122 245 134 159 18 30 35 96 187 133 115 233 42 103 132 130 252 290 196 122 275 245 61 80 294 212 110 282 154 186 41 129 260 145 67 62 167 195 247 80 124 34 42 221 191 249 121 162 138 154 131 215 52 93 157 54
35,277 116 215 188 217 288 263 44 108 214 54 153 68 39 200 163 185 97 129 100 215 277 143 88 250 133 298 258 184 17 261 225 270 13 286 237 259 4 116 238 271 104 268 109 150 246 126 122 95 227 70 127 110 216 278 238 108 63 166 34 88 52 38 70 90 280 226 266 77 154 288 290 16 21 199 116 101 258 194 145 267 163 223 100 71 66 173 9 46 191 2 249 285 87 111 261 43 288 40 5 91 137 161 158 128 51 170 213 297 266 45 126 33 192 291 278 154 295 166 50 172 245 183 244 143 187 220 31 282 173 224 92 45 219 210 16 192 187 20 90 253 214 124 191 36 148 94 178 141 59 164 110 113 229 39 113 250 183 178 147 162 208 74 30 285 90 142 121 185 233 284 266 278 159 116 96 142 1 285 240 57 190 136 21 144 78 240 267 284 149 229 98 182 179 242 255 151 167 77 60 204 188 6 40 184 273 206 272 194 4 110 276 185 49 239 198 28 137 255 226 101 236 63 128 93 158 77 218 123 223 83 255 2 218 182 149 215 154 3 166 43 252 4 78 33 203 149 68 11 88 35 182 53 154 286 298 26 138 71 210 143 215 102 147 204 292 163 151 172 23 144 216 109 21 120 79 191 140 211 43 15 5 217 260 141 110 186 106 282 143 236 57 260 210 69 148 21 38 26 162
36,231 59 126 52 289 234 56 131 38 214 47 93 30 48 282 154 232 162 185 286 114 47 285 132 294 294 122 159 144 68 261 223 275 0 77 171 147 113 245 248 22 196 80 299 84 236 170 80 89 284 261 4 249 77 162 106 272 100 144 3 18 244 23 284 251 169 278 112 274 234 221 179 176 208 240 252 75 236 42 40 122 293 284 77 222 185 2 157 202 298 116 63 136 267 149 26 26 35 41 120 165 105 131 98 241 63 239 140 201 190 70 12 207 231 48 245 282 293 165 122 120 15 140 274 236 58 82 67 230 39 199 48 158 278 63 70 273 243 62 241 73 265 51 104 137 169 85 270 126 96 298 298 213 114 103 222 231 219 126 207 176 75 91 60 72 61 203 230 268 110 245 75 42 160 86 262 172 215 205 275 196 156 155 17 259 42 290 292 144 285 102 203 241 189 197 169 55 183 127 213 101 250 193 8 153 296 243 294 8 172 280 279 5 77 177 284 222 97 47 25 154 19 140 8 256 202 55 164 44 132 33 274 219 154 141 39 137 122 136 165 257 268 23 282 213 209 194 142 11 257 199 60 76 120 161 99 147 25 171 259 203 164 44 203 102 79 40 209 105 266 112 102 198 297 184 229 3 290 147 134 6 173 58 91 194 226 116 96 86 83 217 154 97 41 247 146 3 7 238 76
37,296 23 4 293 46 37 184 85 241 189 225 53 177 6 249 229 111 196 107 162 51 290 180 141 229 240 271 297 203 58 129 195 233 145 273 251 127 237 287 45 260 273 263 278 123 257 227 174 152 87 210 131 236 147 11 125 133 200 297 266 270 298 24 81 71 280 149 55 292 52 288 5 44 134 238 160 104 259 68 105 101 22 148 117 184 289 36 82 213 46 58 35 129 19 147 97 201 56 158 169 61 229 25 177 277 148 35 210 276 225 254 200 62 164 140 184 232 173 277 178 299 168 30 211 40 29 208 40 115 12 239 102 47 125 292 200 119 116 166 36 239 297 8 226 121 256 16 115 285 44 238 74 40 139 11 11 140 270 260 296 152 187 298 155 107 86 117 291 54 257 27 153 189 96 244 246 95 77 37 23 109 293 68 291 276 55 291 277 137 182 185 34 254 57 88 259 96 239 98 11 16 180 141 174 19 208 78 250 268 271 266 250 286 53 155 214 73 18 57 20 55 22 230 200 260 175 38 217 112 176 278 163 84 173 136 124 251 93 263 170 19 283 278 62 246 285 120 33 56 194 295 269 74 60 252 240 57 67 265 86 239 116 169 46 299 17 61 133 266 206 142 147 148 288 92 85 188 217 1 47 11 26 58 152 145 4 175 215 209 248 137 225 220 184 113 13 297 2 46 186
38,271 22 38 144 120 271 134 164 179 5 82 197 285 258 88 188 221 210 295 202 135 163 136 20 148 85 192 209 135 74 231 123 170 75 276 197 5 239 150 293 224 76 96 286 46 51 74 188 25 6 23 27 226 141 16 175 102 221 85 141 198 64 51 146 237 240 235 206 256 164 230 220 33 232 285 142 208 140 240 61 169 187 266 254 261 122 220 243 254 299 273 88 179 109 222 240 89 29 108 65 38 49 258 239 146 215 52 112 57 182 200 99 176 4 31 86 132 98 194 31 162 275 126 273 52 195 127 162 93 253 250 143 147 193 259 11 86 152 40 210 70 249 19 272 164 46 164 158 205 206 154 299 93 46 253 219 291 242 276 230 140 141 36 212 22 154 91 121 239 191 63 79 45 250 289 180 17 167 82 247 128 58 37 193 11 78 227 205 206 9 267 237 225 236 117 221 152 167 139 172 69 150 120 0 294 246 169 155 195 164 142 44 95 77 100 264 147 170 249 53 252 223 37 144 21 73 178 235 31 154 113 237 164 8 270 176 57 257 62 160 110 116 251 226 5 141 296 240 107 83 54 143 205 48 83 185 246 201 167 207 143 41 239 161 7 176 230 70 17 113 175 6 258 266 241 265 99 230 255 193 206 46 181 245 190 95 114 263 154 256 202 219 219 163 182 268 289 289 60 283
39,257 33 230 288 3 145 299 44 54 104 3 98 91 253 262 156 56 58 79 225 247 17 277 237 167 63 183 4 95 35 290 119 90 260 34 49 215 154 101 208 164 86 116 155 104 297 244 275 298 234 216 170 141 24 161 258 131 77 297 235 131 49 264 41 104 186 198 14 299 250 66 83 64 155 110 52 222 59 70 165 226 1 237 252 162 248 197 150 109 184 241 164 239 143 284 55 104 64 235 186 35 183 236 281 112 48 160 51 261 228 146 298 48 55 200 186 100 207 100 6 77 182 219 249 217 219 202 82 56 256 285 179 213 77 267 174 238 230 103 156 220 296 174 192 25 35 214 140 20 122 30 223 143 226 216 96 259 297 136 216 146 214 227 228 175 104 93 238 162 12 254 136 274 238 8 284 268 77 43 138 154 144 237 61 147 69 229 117 103 231 248 220 83 282 114 108 211 155 284 166 272 110 25 19 260 160 179 245 16 233 167 95 28 44 155 158 150 57 267 17 34 193 95 9 190 237 135 136 134 281 190 125 119 44 292 179 141 170 224 125 142 145 26 142 192 266 176 59 211 207 135 258 281 95 4 205 249 116 261 192 278 131 180 216 118 232 195 100 111 229 109 287 155 40 48 66 25 85 112 210 162 113 129 33 131 196 57 86 185 80 273 168 5 24 23 78 153 103 161 31
40,187 71 178 200 179 190 201 247 12 104 149 257 259 163 280 129 2 170 189 188 30 253 96 97 165 29 282 225 105 210 185 226 190 273 59 156 174 110 12 184 41 258 14 112 14 47 63 18 150 213 290 148 187 130 157 120 107 286 120 253 76 272 225 194 212 241 32 231 249 89 292 116 290 151 218 2 194 150 81 240 181 133 96 289 191 32 43 134 44 259 191 230 161 264 31 64 28 77 247 128 20 2 240 10 77 128 286 282 232 170 207 48 264 263 226 130 86 193 91 70 246 207 144 125 20 100 233 234 105 34 49 139 109 84 286 223 170 56 187 151 29 164 169 84 144 170 280 142 154 137 161 190 159 243 175 167 226 248 101 119 127 174 9 125 229 80 297 91 7 181 212 281 254 19 291 12 238 87 221 64 85 176 168 39 90 94 125 168 112 291 155 295 24 201 2 78 293 258 160 126 247 17 174 94 112 97 165 152 60 240 136 20 120 266 3 83 24 99 234 240 34 202 16 64 209 95 112 62 87 252 252 295 24 181 22 1 153 269 216 166 289 79 257 78 15 296 44 132 74 229 72 241 199 59 114 128 219 58 34 66 71 196 151 36 259 19 51 270 274 138 147 85 295 163 177 80 157 5 272 140 199 142 291 88 135 238 158 244 87 140 8 280 12 268 274 127 85 131 259 144
41,32 218 153 164 145 114 4 283 143 295 165 195 205 209 94 191 133 99 144 214 81 106 67 137 264 139 186 284 279 61 235 106 63 32 254 10 64 247 162 84 15 24 28 189 153 186 101 291 103 210 150 71 7 92 51 57 148 188 211 100 291 106 250 107 174 167 113 267 153 81 149 127 83 80 226 256 38 143 155 130 200 274 150 294 253 263 274 38 127 80 175 273 125 139 82 3 254 162 99 119 107 155 268 116 201 169 86 123 151 142 282 48 204 152 50 196 92 33 74 195 52 205 291 167 89 264 269 278 9 153 233 9 290 196 277 9 175 206 171 140 9 77 220 35 192 186 118 191 184 236 34 209 76 126 271 31 61 208 255 31 6 289 24 270 299 243 247 298 179 263 102 114 246 245 91 114 296 94 113 17 174 172 213 47 110 40 87 296 224 187 188 254 160 202 87 156 219 96 23 137 146 268 110 210 101 2 195 220 57 242 282 34 198 56 43 6 296 130 132 79 197 282 173 227 142 33 30 24 118 101 63 52 284 269 176 292 60 129 20 166 231 28 241 263 110 216 168 19 23 2 32 284 49 134 130 274 297 29 131 171 32 241 60 123 136 237 270 131 100 159 4 8 245 257 125 33 95 134 94 229 62 91 87 1 211 200 80 204 56 65 106 204 171 36 261 33 233 176 152 168
42,74 2 298 285 19 275 175 85 249 298 251 183 203 222 225 266 262 183 193 68 204 67 120 158 197 30 255 64 205 235 220 28 231 214 18 58 270 219 237 123 66 37 225 160 86 16 144 149 37 275 145 38 188 263 65 197 157 112 198 17 183 133 294 275 182 220 40 109 259 154 182 94 104 296 169 76 225 93 68 207 255 101 232 34 137 2 235 69 260 126 292 27 75 286 237 178 22 221 164 90 66 87 95 102 191 232 28 188 34 193 222 52 57 79 291 256 64 233 211 49 217 236 294 277 122 285 276 299 88 242 130 51 59 288 206 166 218 140 46 264 204 74 63 299 263 292 13 261 235 195 183 291 49 89 33 11 255 261 117 68 116 145 250 93 42 260 57 167 250 259 24 131 293 183 91 23 292 128 177 278 67 202 144 91 85 224 189 279 170 171 4 104 107 189 236 286 234 3 214 145 3 149 87 218 214 162 191 270 81 113 276 161 135 135 52 229 102 144 278 292 290 221 98 117 130 45 263 76 208 83 60 96 261 53 186 164 293 191 12 10 217 217 255 20 230 123 286 22 35 108 20 175 239 150 87 78 276 143 0 243 165 180 8 248 128 141 124 151 196 110 264 168 264 193 52 1 218 145 186 108 77 18 75 263 135 108 268 273 168 208 34 209 4 179 136 203 211 7 240 162
43,247 59 91 50 92 197 88 88 263 27 293 290 277 154 164 98 24 39 237 291 59 9 161 45 29 194 39 56 41 93 247 237 136 293 51 34 185 37 40 67 47 85 188 120 252 192 164 138 121 32 19 56 163 31 62 142 155 3 196 150 169 258 33 53 119 12 287 32 254 196 69 298 26 270 286 267 115 210 77 178 195 76 227 184 17 212 67 124 68 53 18 74 269 23 13 29 152 261 193 96 223 63 263 30 188 144 186 124 208 30 108 211 36 154 295 100 282 66 298 156 159 246 178 3 243 17 171 85 171 49 4 230 1 252 176 17 74 131 73 222 135 285 139 288 268 185 127 277 69 255 31 107 114 101 245 214 13 266 162 28 32 114 45 200 60 71 13 24 93 126 19 203 53 173 125 235 245 7 278 134 80 136 155 80 258 265 45 150 118 131 207 193 193 21 143 255 101 215 143 128 157 267 292 55 238 60 284 234 87 14 283 41 173 70 143 142 41 52 6 72 201 7 238 252 299 70 140 282 55 152 184 42 43 232 222 128 293 59 102 283 91 48 248 282 210 54 54 288 239 159 289 193 132 56 78 205 169 54 61 180 210 58 26 96 283 200 208 116 179 248 252 223 223 81 294 86 116 242 135 105 202 21 2 216 197 141 25 49 53 299 164 52 129 133 105 177 191 61 291 39
44,158 30 223 207 216 3 182 147 226 49 250 7 250 295 295 52 59 212 29 199 236 82 145 212 98 9 220 148 87 263 101 287 281 224 207 45 278 199 260 85 236 214 19 84 155 78 12 173 10 197 287 118 280 295 30 35 233 82 53 65 289 214 14 139 13 229 212 40 146 229 67 117 234 276 263 199 195 268 142 288 126 265 284 48 32 236 154 178 186 235 12 143 166 219 230 25 133 14 170 185 60 290 105 72 43 74 243 83 49 159 242 14 31 96 261 113 153 116 261 74 100 173 31 12 33 73 17 18 3 221 201 88 6 59 279 244 264 179 291 19 47 225 26 0 7 223 22 268 270 256 124 115 125 163 205 221 29 7 197 0 31 240 67 249 181 54 215 213 79 288 278 189 223 238 256 223 78 251 175 121 298 221 285 158 198 142 110 293 266 102 68 0 229 250 204 32 154 68 41 285 36 63 18 164 229 19 219 63 128 262 107 167 218 26 254 3 59 48 133 95 180 84 60 45 72 273 192 226 213 85 201 171 267 57 59 216 134 130 10 76 267 229 48 27 66 208 145 151 155 125 71 225 138 67 46 17 66 188 152 113 262 277 164 223 152 250 22 98 202 227 252 168 187 139 76 232 2 223 156 130 68 144 71 136 171 225 7 34 246 78 149 153 206 243 12 192 183 251 272 79
45,28 289 213 95 106 139 76 194 171 106 19 275 161 226 170 291 47 127 105 188 299 42 43 62 275 227 78 239 156 235 211 197 79 218 233 299 75 37 216 254 172 191 121 229 122 230 92 207 144 33 164 243 291 153 79 159 264 198 147 197 134 94 41 254 116 130 107 54 228 211 94 185 254 228 154 107 94 56 126 286 291 256 103 130 194 55 189 72 12 249 286 168 249 99 268 158 268 173 57 34 125 243 64 280 121 31 85 295 44 299 77 294 245 142 284 199 142 51 152 111 130 23 73 78 122 104 80 86 213 158 119 69 158 184 189 137 40 9 0 297 277 121 172 82 204 161 81 203 14 198 278 123 7 73 20 152 213 123 290 72 286 133 28 142 221 247 128 224 163 154 81 260 2 253 111 252 242 209 122 91 42 244 189 47 136 230 218 193 84 240 162 10 265 16 11 104 65 20 32 267 232 170 3 264 16 60 24 27 116 53 208 134 296 121 183 162 147 105 297 59 150 0 123 272 133 95 183 200 207 21 94 65 285 285 223 266 33 126 20 179 206 130 273 198 201 61 200 237 204 99 182 68 90 110 161 130 154 13 100 266 113 1 210 69 102 241 225 139 245 139 58 279 60 289 163 89 42 10 207 73 65 104 262 270 92 19 179 214 174 176 24 148 120 170 100 114 87 260 250 201
46,292 81 293 80 163 251 272 15 204 92 211 126 45 219 257 223 133 170 252 43 130 108 69 158 82 49 222 144 143 109 183 243 12 16 158 38 279 128 70 198 283 273 177 290 235 273 71 217 214 60 1 234 71 125 16 170 235 150 262 252 136 43 3 76 131 254 99 243 195 23 139 28 242 205 75 281 88 85 210 129 271 161 92 290 158 33 60 226 199 28 110 161 92 184 164 225 102 96 224 98 58 122 277 119 158 219 184 35 157 276 34 250 222 35 116 209 254 213 157 22 92 70 2 257 245 17 265 46 44 265 77 150 21 104 253 28 8 167 97 226 88 76 210 1 272 4 220 180 25 19 145 26 29 122 107 103 180 204 152 106 26 102 158 79 157 171 290 242 12 192 115 77 19 233 110 250 290 267 3 134 62 93 201 217 224 103 59 293 189 130 64 106 149 181 235 21 9 166 240 290 51 43 131 13 128 168 108 75 109 16 253 273 161 280 133 152 196 135 156 27 36 289 42 80 93 103 296 58 156 197 287 46 239 127 268 12 211 156 181 90 112 157 286 141 4 17 268 198 75 185 143 61 233 97 87 275 47 123 223 292 278 40 169 217 193 83 102 95 146 181 292 286 60 200 287 126 158 100 75 190 56 143 230 32 95 152 59 261 40 10 252 103 55 1 238 158 251 115 131 147
47,42 221 120 151 226 50 222 175 105 279 98 52 291 76 269 197 108 99 68 110 265 22 294 292 206 113 46 155 186 6 106 0 298 69 225 70 270 228 125 221 113 224 123 62 284 288 185 155 157 218 137 170 233 121 45 171 187 265 222 79 243 126 41 208 247 245 272 82 95 270 258 2 297 134 74 13 76 214 142 84 167 84 13 135 93 155 176 233 180 197 80 161 85 276 123 17 287 112 259 160 7 138 77 116 204 259 149 34 105 220 24 58 101 230 158 159 204 198 37 262 271 291 82 275 64 197 132 10 166 102 137 18 297 176 9 278 68 169 196 82 70 198 151 178 34 240 29 9 242 267 74 114 272 200 114 84 130 151 88 81 80 105 120 281 172 76 216 167 259 132 148 185 118 7 31 24 5 296 241 19 158 247 267 176 46 62 63 112 196 37 227 214 111 192 205 175 129 263 163 227 224 78 17 276 199 30 46 1 106 61 92 39 31 298 110 267 79 67 173 117 33 166 187 151 202 2 264 22 119 193 261 22 81 124 210 240 138 16 99 228 111 213 105 125 22 8 89 228 113 115 158 122 239 188 259 285 272 280 86 54 63 90 212 220 140 210 193 234 201 294 25 289 189 175 165 276 270 254 266 234 129 238 192 26 77 196 298 276 78 49 188 21 141 233 250 52 120 97 48 106
48,291 221 20 198 132 22 208 149 172 87 256 158 198 189 152 204 295 45 151 201 131 258 25 243 180 89 267 194 92 214 144 167 7 217 10 242 110 240 106 187 71 87 282 228 217 163 87 263 123 198 45 4 59 225 156 245 172 17 224 206 264 115 2 81 180 253 168 69 15 278 162 107 219 224 14 161 61 182 138 156 23 229 184 207 221 273 188 225 69 26 134 281 214 163 11 195 39 231 193 233 74 7 75 206 46 210 119 74 45 32 256 44 171 288 79 251 75 134 56 32 206 156 98 269 5 262 121 99 189 58 284 127 280 141 204 224 161 80 166 258 36 38 93 167 205 151 255 210 85 286 267 144 83 15 67 69 164 239 294 178 9 234 248 16 245 157 48 25 107 81 243 173 197 245 156 280 162 58 217 68 295 142 200 105 114 75 106 205 30 275 32 173 141 129 73 249 195 29 261 60 137 190 94 109 18 68 291 143 154 205 80 164 54 137 43 176 203 48 83 175 119 220 57 207 134 17 274 81 77 116 234 152 101 168 216 172 60 199 264 296 172 222 78 105 268 30 215 188 5 114 267 161 234 126 51 111 245 17 123 217 123 11 85 64 7 37 216 22 190 274 285 258 262 85 53 93 283 101 72 207 12 20 75 241 208 191 36 13 161 136 41 193 28 285 150 80 199 122 13 9
49,251 109 30 180 86 19 184 195 91 119 31 38 82 52 32 98 186 56 92 40 119 199 208 265 42 212 119 292 175 1 20 173 106 259 297 85 277 42 32 88 240 176 16 182 115 249 235 192 72 148 181 247 97 96 185 31 218 169 179 83 275 104 175 111 133 159 231 296 33 24 218 271 292 247 104 135 122 38 255 156 284 122 75 228 221 46 30 230 228 68 33 268 284 11 130 233 5 229 236 235 146 146 66 242 96 245 269 134 256 15 76 97 98 105 84 159 13 130 262 123 227 163 296 271 136 169 253 163 76 157 2 87 127 285 230 173 144 65 154 146 110 194 238 141 109 127 19 255 9 258 179 156 58 112 276 62 256 160 159 237 285 238 34 52 254 67 178 297 46 189 238 207 269 270 299 184 130 97 132 217 195 40 26 250 47 26 74 51 123 120 47 95 181 195 150 210 223 110 153 92 49 9 204 72 195 136 284 106 214 106 275 147 133 236 112 237 296 279 15 60 102 139 173 264 26 175 235 35 3 213 91 20 280 104 220 112 130 133 155 251 199 191 235 146 71 198 146 145 225 213 191 195 291 285 14 143 69 191 138 276 138 26 45 100 212 219 294 131 253 27 122 274 180 99 267 254 145 174 181 26 298 93 278 218 284 109 268 197 241 272 228 174 27 95 177 107 155 239 291 101
50,224 59 40 134 107 200 175 144 16 27 125 144 272 218 16 228 22 3 144 1 136 202 258 110 44 69 175 191 153 98 85 38 277 67 101 220 263 272 96 119 166 180 137 131 133 31 143 216 48 97 133 29 47 85 285 172 25 28 32 195 261 252 80 213 27 152 295 124 222 224 100 90 190 190 223 247 125 71 30 94 115 141 282 79 218 239 237 278 284 28 81 231 89 57 210 159 30 51 58 100 197 232 33 249 3 110 129 79 102 10 3 248 232 157 253 214 78 14 210 132 80 235 258 123 1 186 61 9 126 30 268 213 127 90 141 291 231 152 100 26 2 98 190 111 104 40 91 295 111 93 45 184 163 281 195 138 212 194 213 79 59 262 66 38 111 23 202 131 260 240 154 97 291 203 134 77 8 277 53 194 221 36 263 31 222 276 108 256 287 244 56 196 233 254 248 244 166 115 206 188 136 215 39 260 239 61 95 113 190 8 27 279 260 208 243 50 293 283 208 196 14 135 150 227 217 282 168 227 147 196 87 179 4 186 186 284 80 42 249 224 58 203 25 211 24 272 289 82 215 160 278 165 179 271 112 99 241 275 105 72 174 1 280 77 259 95 262 6 199 52 39 225 75 64 182 110 111 277 285 266 159 99 3 130 232 83 126 196 283 259 292 112 238 100 240 293 214 1 164 261
