ward,period,intervention,y
1,1,0,57.0355
1,1,0,55.6897
1,1,0,46.5294
1,1,0,53.0578
1,1,0,63.8179
1,1,0,55.0862
1,1,0,53.4298
1,1,0,61.9687
1,1,0,51.0319
1,1,0,59.0525
1,1,0,57.9431
1,1,0,58.6309
1,1,0,59.3671
1,1,0,50.0332
1,1,0,53.6019
1,1,0,63.9166
1,1,0,56.2298
1,1,0,49.6951
1,1,0,43.6378
1,1,0,39.4478
1,1,0,49.5285
1,1,0,59.2857
1,1,0,62.6165
1,1,0,40.0417
1,1,0,42.3267
1,1,0,59.3533
1,1,0,55.9711
1,1,0,53.0743
1,1,0,58.482
1,1,0,61.0048
1,1,0,54.1425
1,1,0,45.6557
1,1,0,38.3638
1,1,0,70.1971
1,1,0,54.6536
1,1,0,57.8681
1,1,0,49.5309
1,1,0,54.122
1,1,0,53.1927
1,1,0,38.6623
1,1,0,56.0801
1,1,0,66.0854
1,1,0,46.2392
1,1,0,40.4786
1,1,0,63.6259
1,1,0,34.8552
1,1,0,46.4043
1,1,0,52.647
1,1,0,52.6968
1,1,0,33.8445
1,2,0,47.5113
1,2,0,54.449
1,2,0,33.2818
1,2,0,48.9339
1,2,0,47.6785
1,2,0,52.5653
1,2,0,61.7812
1,2,0,46.1753
1,2,0,52.2805
1,2,0,54.2152
1,2,0,53.937
1,2,0,58.9816
1,2,0,57.4653
1,2,0,54.6548
1,2,0,44.3443
1,2,0,44.5561
1,2,0,39.9457
1,2,0,51.2571
1,2,0,41.6758
1,2,0,58.8473
1,2,0,77.7198
1,2,0,62.3194
1,2,0,57.4901
1,2,0,49.7685
1,2,0,70.8038
1,2,0,47.8051
1,2,0,45.4198
1,2,0,43.8364
1,2,0,66.7775
1,2,0,52.0929
1,2,0,62.491
1,2,0,50.2357
1,2,0,42.2959
1,2,0,52.7144
1,2,0,50.5641
1,2,0,57.5168
1,2,0,58.7156
1,2,0,67.8596
1,2,0,53.4813
1,2,0,65.8566
1,2,0,56.2989
1,2,0,47.6671
1,2,0,56.4098
1,2,0,38.5753
1,2,0,45.859
1,2,0,68.9919
1,2,0,49.6264
1,2,0,45.91
1,2,0,54.2002
1,2,0,56.0815
1,3,0,42.1665
1,3,0,60.8832
1,3,0,51.1761
1,3,0,55.3812
1,3,0,49.2963
1,3,0,51.887
1,3,0,64.1458
1,3,0,65.1838
1,3,0,52.9029
1,3,0,53.6567
1,3,0,51.9954
1,3,0,40.9765
1,3,0,65.4886
1,3,0,63.759
1,3,0,44.3039
1,3,0,48.4143
1,3,0,47.9443
1,3,0,59.7386
1,3,0,57.7607
1,3,0,55.4564
1,3,0,58.834
1,3,0,58.4785
1,3,0,51.6499
1,3,0,49.2083
1,3,0,52.3248
1,3,0,51.4785
1,3,0,61.5005
1,3,0,60.6164
1,3,0,54.8791
1,3,0,53.5293
1,3,0,54.5187
1,3,0,54.3368
1,3,0,59.1018
1,3,0,60.0271
1,3,0,45.4272
1,3,0,50.9766
1,3,0,49.7467
1,3,0,53.3498
1,3,0,73.2744
1,3,0,40.6211
1,3,0,60.6174
1,3,0,46.4943
1,3,0,42.7465
1,3,0,61.5906
1,3,0,52.5925
1,3,0,46.164
1,3,0,58.5504
1,3,0,55.1384
1,3,0,46.4616
1,3,0,51.1682
1,4,0,46.3356
1,4,0,44.0579
1,4,0,51.1646
1,4,0,48.9616
1,4,0,49.1064
1,4,0,46.5478
1,4,0,53.7569
1,4,0,65.3626
1,4,0,42.7455
1,4,0,61.433
1,4,0,51.542
1,4,0,67.2668
1,4,0,52.2395
1,4,0,49.6015
1,4,0,53.9039
1,4,0,41.2575
1,4,0,59.5934
1,4,0,54.2445
1,4,0,61.5235
1,4,0,71.2791
1,4,0,51.7724
1,4,0,64.3996
1,4,0,61.8127
1,4,0,64.4213
1,4,0,69.5511
1,4,0,61.3324
1,4,0,68.8197
1,4,0,50.6369
1,4,0,63.0049
1,4,0,62.4807
1,4,0,47.84
1,4,0,46.0754
1,4,0,41.6739
1,4,0,62.257
1,4,0,50.3268
1,4,0,70.4504
1,4,0,51.0073
1,4,0,50.1654
1,4,0,70.8567
1,4,0,53.7335
1,4,0,62.6555
1,4,0,64.2148
1,4,0,60.0418
1,4,0,38.9353
1,4,0,59.9384
1,4,0,50.0924
1,4,0,54.2256
1,4,0,58.7502
1,4,0,45.1923
1,4,0,59.1388
1,5,1,57.5781
1,5,1,50.7287
1,5,1,63.1478
1,5,1,56.3085
1,5,1,44.4178
1,5,1,50.7123
1,5,1,54.4736
1,5,1,51.8352
1,5,1,51.1624
1,5,1,46.6151
1,5,1,57.3585
1,5,1,54.9652
1,5,1,60.8873
1,5,1,40.3436
1,5,1,60.2843
1,5,1,52.7673
1,5,1,55.521
1,5,1,57.4192
1,5,1,60.887
1,5,1,52.2271
1,5,1,37.427
1,5,1,47.246
1,5,1,58.5041
1,5,1,60.0656
1,5,1,64.3442
1,5,1,51.2826
1,5,1,51.6062
1,5,1,59.3868
1,5,1,48.5719
1,5,1,49.4454
1,5,1,58.3453
1,5,1,54.8005
1,5,1,60.0914
1,5,1,57.6738
1,5,1,53.1168
1,5,1,46.6317
1,5,1,57.6401
1,5,1,49.2334
1,5,1,66.1341
1,5,1,53.5026
1,5,1,48.0029
1,5,1,41.3651
1,5,1,66.5347
1,5,1,57.0656
1,5,1,60.6773
1,5,1,52.2799
1,5,1,48.0028
1,5,1,52.0367
1,5,1,60.0918
1,5,1,63.7003
1,6,1,49.0041
1,6,1,45.2168
1,6,1,61.3624
1,6,1,59.4789
1,6,1,66.0184
1,6,1,40.4698
1,6,1,52.25
1,6,1,51.4945
1,6,1,62.0065
1,6,1,49.3195
1,6,1,41.4625
1,6,1,62.2585
1,6,1,51.5142
1,6,1,30.2365
1,6,1,50.2191
1,6,1,56.2883
1,6,1,61.4487
1,6,1,44.4949
1,6,1,63.6176
1,6,1,45.5438
1,6,1,52.2905
1,6,1,53.2972
1,6,1,43.1701
1,6,1,50.6236
1,6,1,51.8448
1,6,1,61.7171
1,6,1,62.5133
1,6,1,57.5149
1,6,1,68.3046
1,6,1,60.6535
1,6,1,60.5719
1,6,1,58.6181
1,6,1,57.1648
1,6,1,54.4072
1,6,1,61.0061
1,6,1,52.8165
1,6,1,55.3284
1,6,1,34.4925
1,6,1,66.4762
1,6,1,39.8145
1,6,1,49.8932
1,6,1,53.7937
1,6,1,48.0316
1,6,1,60.2239
1,6,1,50.9122
1,6,1,63.6062
1,6,1,57.8658
1,6,1,72.9503
1,6,1,55.5275
1,6,1,60.7458
1,7,1,62.976
1,7,1,57.2889
1,7,1,64.4811
1,7,1,59.5994
1,7,1,50.9622
1,7,1,55.9321
1,7,1,59.3453
1,7,1,57.9964
1,7,1,55.9026
1,7,1,69.1935
1,7,1,53.1375
1,7,1,42.1224
1,7,1,58.3091
1,7,1,60.6977
1,7,1,54.7635
1,7,1,64.2294
1,7,1,46.5031
1,7,1,54.0167
1,7,1,52.7589
1,7,1,47.3962
1,7,1,50.4215
1,7,1,60.8941
1,7,1,61.65
1,7,1,45.2502
1,7,1,58.9062
1,7,1,56.7807
1,7,1,60.2342
1,7,1,65.3384
1,7,1,40.3543
1,7,1,58.9022
1,7,1,51.3984
1,7,1,51.659
1,7,1,65.1772
1,7,1,59.1121
1,7,1,51.9486
1,7,1,60.1717
1,7,1,56.2528
1,7,1,61.9113
1,7,1,55.6457
1,7,1,51.0553
1,7,1,56.9207
1,7,1,62.3936
1,7,1,60.7615
1,7,1,55.373
1,7,1,48.7962
1,7,1,56.0888
1,7,1,62.401
1,7,1,51.7657
1,7,1,40.8988
1,7,1,60.8894
2,1,0,50.8082
2,1,0,55.5863
2,1,0,48.8276
2,1,0,41.751
2,1,0,43.597
2,1,0,49.2577
2,1,0,40.4289
2,1,0,47.4147
2,1,0,44.1029
2,1,0,58.4328
2,1,0,54.981
2,1,0,39.0056
2,1,0,60.8247
2,1,0,45.3964
2,1,0,62.4689
2,1,0,49.7142
2,1,0,55.1977
2,1,0,56.6543
2,1,0,61.1075
2,1,0,47.788
2,1,0,59.8079
2,1,0,55.8433
2,1,0,41.1445
2,1,0,60.1011
2,1,0,44.8644
2,1,0,52.0651
2,1,0,59.4478
2,1,0,58.384
2,1,0,47.733
2,1,0,48.5332
2,1,0,53.6104
2,1,0,54.9206
2,1,0,58.9034
2,1,0,61.1222
2,1,0,42.0231
2,1,0,63.9469
2,1,0,71.0307
2,1,0,34.2644
2,1,0,42.8385
2,1,0,48.4208
2,1,0,48.8281
2,1,0,44.2917
2,1,0,49.8098
2,1,0,58.1665
2,1,0,48.1876
2,1,0,40.8706
2,1,0,51.8257
2,1,0,55.4082
2,1,0,57.2969
2,1,0,32.6146
2,2,0,47.205
2,2,0,53.7286
2,2,0,48.5089
2,2,0,58.3407
2,2,0,75.1905
2,2,0,51.7271
2,2,0,34.4273
2,2,0,42.8261
2,2,0,39.5329
2,2,0,48.9031
2,2,0,39.0736
2,2,0,60.9055
2,2,0,37.7939
2,2,0,58.1737
2,2,0,64.57
2,2,0,61.7148
2,2,0,41.729
2,2,0,51.2044
2,2,0,47.7645
2,2,0,66.7678
2,2,0,49.6187
2,2,0,43.1376
2,2,0,50.9381
2,2,0,57.6981
2,2,0,55.481
2,2,0,58.2141
2,2,0,54.491
2,2,0,46.4026
2,2,0,52.9768
2,2,0,51.1436
2,2,0,67.2362
2,2,0,41.9619
2,2,0,62.5598
2,2,0,54.1483
2,2,0,60.4502
2,2,0,35.2926
2,2,0,51.5189
2,2,0,58.4436
2,2,0,49.6454
2,2,0,50.5273
2,2,0,50.6218
2,2,0,52.8616
2,2,0,48.6155
2,2,0,53.2984
2,2,0,54.5704
2,2,0,42.8452
2,2,0,67.1205
2,2,0,49.5452
2,2,0,39.0057
2,2,0,29.3647
2,3,1,47.3277
2,3,1,51.8221
2,3,1,41.139
2,3,1,56.2915
2,3,1,53.6335
2,3,1,60.1911
2,3,1,45.0265
2,3,1,50.2982
2,3,1,61.3925
2,3,1,42.9642
2,3,1,53.288
2,3,1,54.6055
2,3,1,60.5332
2,3,1,63.0803
2,3,1,50.9826
2,3,1,47.9004
2,3,1,61.7923
2,3,1,58.6949
2,3,1,49.1026
2,3,1,50.9725
2,3,1,49.2853
2,3,1,66.2873
2,3,1,61.3009
2,3,1,70.623
2,3,1,47.0052
2,3,1,36.6694
2,3,1,51.5918
2,3,1,49.5697
2,3,1,53.6365
2,3,1,49.726
2,3,1,51.2138
2,3,1,47.8029
2,3,1,65.8158
2,3,1,45.4185
2,3,1,59.2956
2,3,1,50.0302
2,3,1,62.4008
2,3,1,48.9744
2,3,1,66.7749
2,3,1,58.9597
2,3,1,32.2973
2,3,1,51.0704
2,3,1,41.6988
2,3,1,60.3441
2,3,1,65.5202
2,3,1,50.5428
2,3,1,44.0873
2,3,1,58.1293
2,3,1,52.1729
2,3,1,53.7423
2,4,1,40.6325
2,4,1,57.5113
2,4,1,63.7964
2,4,1,38.3672
2,4,1,55.193
2,4,1,63.5472
2,4,1,57.898
2,4,1,53.2208
2,4,1,44.1415
2,4,1,56.2958
2,4,1,51.0386
2,4,1,44.465
2,4,1,54.1508
2,4,1,44.5918
2,4,1,53.284
2,4,1,43.9159
2,4,1,57.9571
2,4,1,45.79
2,4,1,52.7508
2,4,1,50.084
2,4,1,50.8403
2,4,1,62.0646
2,4,1,33.2371
2,4,1,57.9075
2,4,1,58.2565
2,4,1,44.0497
2,4,1,56.8225
2,4,1,55.2393
2,4,1,47.2985
2,4,1,42.6185
2,4,1,42.7082
2,4,1,57.2741
2,4,1,61.7219
2,4,1,41.6189
2,4,1,69.5848
2,4,1,40.0907
2,4,1,39.605
2,4,1,53.5339
2,4,1,64.1443
2,4,1,41.0828
2,4,1,41.6081
2,4,1,55.7592
2,4,1,42.9861
2,4,1,40.3644
2,4,1,61.0519
2,4,1,43.2343
2,4,1,48.579
2,4,1,59.753
2,4,1,40.4814
2,4,1,63.9354
2,5,1,50.4547
2,5,1,55.9429
2,5,1,66.8738
2,5,1,55.4157
2,5,1,49.7777
2,5,1,49.9639
2,5,1,56.0667
2,5,1,75.1204
2,5,1,53.1061
2,5,1,54.9561
2,5,1,67.1
2,5,1,61.1006
2,5,1,42.6545
2,5,1,29.0334
2,5,1,64.1266
2,5,1,54.5812
2,5,1,41.3231
2,5,1,52.53
2,5,1,46.8989
2,5,1,58.9473
2,5,1,60.5752
2,5,1,70.8658
2,5,1,71.3256
2,5,1,45.1266
2,5,1,44.1967
2,5,1,64.2731
2,5,1,63.4734
2,5,1,45.382
2,5,1,44.2412
2,5,1,55.5879
2,5,1,43.9908
2,5,1,57.7103
2,5,1,52.7217
2,5,1,51.4517
2,5,1,42.8073
2,5,1,70.8229
2,5,1,48.163
2,5,1,59.3303
2,5,1,69.6472
2,5,1,61.7871
2,5,1,68.0046
2,5,1,40.9403
2,5,1,41.605
2,5,1,44.3302
2,5,1,62.5432
2,5,1,37.946
2,5,1,54.6866
2,5,1,58.8099
2,5,1,47.2323
2,5,1,53.349
2,6,1,53.1862
2,6,1,49.3018
2,6,1,58.6997
2,6,1,57.1369
2,6,1,63.0322
2,6,1,43.1137
2,6,1,38.0585
2,6,1,47.2907
2,6,1,49.497
2,6,1,46.6696
2,6,1,47.3966
2,6,1,50.1964
2,6,1,45.7675
2,6,1,54.6518
2,6,1,61.589
2,6,1,53.5714
2,6,1,42.8841
2,6,1,59.2334
2,6,1,52.7722
2,6,1,45.5455
2,6,1,52.875
2,6,1,51.2133
2,6,1,49.1425
2,6,1,54.3837
2,6,1,54.1453
2,6,1,50.4903
2,6,1,52.4948
2,6,1,39.2305
2,6,1,59.2019
2,6,1,47.5127
2,6,1,47.5004
2,6,1,50.6111
2,6,1,61.7059
2,6,1,49.233
2,6,1,60.5165
2,6,1,53.1552
2,6,1,60.7048
2,6,1,53.1535
2,6,1,53.1575
2,6,1,63.7863
2,6,1,63.898
2,6,1,51.2046
2,6,1,37.1019
2,6,1,52.1276
2,6,1,53.9234
2,6,1,29.1264
2,6,1,52.3129
2,6,1,46.9918
2,6,1,47.2095
2,6,1,65.193
2,7,1,58.753
2,7,1,55.1742
2,7,1,70.0122
2,7,1,51.5154
2,7,1,48.5209
2,7,1,54.5759
2,7,1,62.3415
2,7,1,53.3084
2,7,1,52.932
2,7,1,45.2615
2,7,1,53.7666
2,7,1,34.871
2,7,1,57.2871
2,7,1,51.7292
2,7,1,56.1185
2,7,1,60.3049
2,7,1,64.4458
2,7,1,43.8313
2,7,1,51.2805
2,7,1,60.6741
2,7,1,45.4465
2,7,1,53.6808
2,7,1,57.6654
2,7,1,35.7429
2,7,1,52.8424
2,7,1,53.8974
2,7,1,52.6217
2,7,1,56.4264
2,7,1,58.0049
2,7,1,62.3036
2,7,1,45.7668
2,7,1,54.3761
2,7,1,43.4445
2,7,1,50.0331
2,7,1,42.6957
2,7,1,51.1052
2,7,1,41.0082
2,7,1,42.8955
2,7,1,44.5454
2,7,1,55.5993
2,7,1,53.3575
2,7,1,60.6152
2,7,1,60.6541
2,7,1,52.8439
2,7,1,62.5571
2,7,1,60.7877
2,7,1,60.94
2,7,1,48.3749
2,7,1,46.8091
2,7,1,46.3844
3,1,0,57.1706
3,1,0,61.514
3,1,0,59.8439
3,1,0,57.7616
3,1,0,56.4673
3,1,0,53.8825
3,1,0,47.5315
3,1,0,41.3975
3,1,0,51.7062
3,1,0,43.6974
3,1,0,48.4365
3,1,0,39.5113
3,1,0,45.7237
3,1,0,46.0504
3,1,0,45.8902
3,1,0,50.9693
3,1,0,50.1179
3,1,0,43.2985
3,1,0,67.3152
3,1,0,52.9037
3,1,0,59.7307
3,1,0,46.4325
3,1,0,52.1499
3,1,0,60.1837
3,1,0,48.2972
3,1,0,52.7191
3,1,0,48.2877
3,1,0,42.0019
3,1,0,54.6774
3,1,0,43.1083
3,1,0,38.0324
3,1,0,38.9564
3,1,0,50.9926
3,1,0,43.2963
3,1,0,42.2308
3,1,0,53.4362
3,1,0,36.626
3,1,0,57.7546
3,1,0,49.6831
3,1,0,61.7199
3,1,0,59.4895
3,1,0,46.9512
3,1,0,37.5162
3,1,0,38.5923
3,1,0,54.3213
3,1,0,47.6865
3,1,0,45.8419
3,1,0,44.3408
3,1,0,58.532
3,1,0,55.869
3,2,0,47.9692
3,2,0,45.8699
3,2,0,49.2271
3,2,0,44.4871
3,2,0,49.2203
3,2,0,51.129
3,2,0,41.218
3,2,0,59.1684
3,2,0,53.2099
3,2,0,53.1939
3,2,0,45.581
3,2,0,53.7483
3,2,0,49.2539
3,2,0,34.6883
3,2,0,54.9
3,2,0,52.9914
3,2,0,56.1324
3,2,0,47.851
3,2,0,59.5432
3,2,0,53.1269
3,2,0,67.5293
3,2,0,48.9025
3,2,0,57.0407
3,2,0,38.4871
3,2,0,66.3332
3,2,0,43.1233
3,2,0,48.8806
3,2,0,50.971
3,2,0,57.5416
3,2,0,59.0001
3,2,0,53.5135
3,2,0,41.2231
3,2,0,58.7227
3,2,0,50.0699
3,2,0,50.14
3,2,0,66.4911
3,2,0,50.8183
3,2,0,47.8896
3,2,0,62.2745
3,2,0,44.4526
3,2,0,60.4823
3,2,0,42.9093
3,2,0,47.1911
3,2,0,57.4018
3,2,0,55.2825
3,2,0,47.9744
3,2,0,49.6693
3,2,0,53.766
3,2,0,60.3262
3,2,0,59.298
3,3,0,40.4905
3,3,0,45.7979
3,3,0,52.9789
3,3,0,49.0473
3,3,0,52.5893
3,3,0,53.0987
3,3,0,49.4015
3,3,0,50.561
3,3,0,47.502
3,3,0,58.1909
3,3,0,65.4348
3,3,0,42.3834
3,3,0,49.5374
3,3,0,59.0149
3,3,0,37.3946
3,3,0,44.2989
3,3,0,42.3334
3,3,0,35.1688
3,3,0,29.2895
3,3,0,47.1308
3,3,0,65.579
3,3,0,46.4233
3,3,0,48.0602
3,3,0,49.008
3,3,0,60.2291
3,3,0,35.2044
3,3,0,44.0416
3,3,0,47.832
3,3,0,43.3474
3,3,0,48.4535
3,3,0,46.6068
3,3,0,44.0599
3,3,0,56.8716
3,3,0,45.2537
3,3,0,54.0452
3,3,0,36.1973
3,3,0,44.8812
3,3,0,48.6294
3,3,0,31.0141
3,3,0,52.613
3,3,0,56.4095
3,3,0,53.472
3,3,0,46.0161
3,3,0,56.8596
3,3,0,41.9896
3,3,0,47.1136
3,3,0,56.3492
3,3,0,60.3174
3,3,0,51.9902
3,3,0,38.4843
3,4,1,44.0292
3,4,1,33.3287
3,4,1,46.2089
3,4,1,37.7159
3,4,1,52.8121
3,4,1,38.3912
3,4,1,55.1674
3,4,1,50.4888
3,4,1,66.1179
3,4,1,41.7465
3,4,1,56.73
3,4,1,58.5337
3,4,1,48.5352
3,4,1,51.9329
3,4,1,55.2487
3,4,1,47.1476
3,4,1,58.6976
3,4,1,53.5527
3,4,1,50.4499
3,4,1,55.1739
3,4,1,65.3442
3,4,1,51.3794
3,4,1,48.8347
3,4,1,54.7308
3,4,1,56.0944
3,4,1,51.2147
3,4,1,60.0874
3,4,1,48.7494
3,4,1,49.4579
3,4,1,52.7843
3,4,1,50.0758
3,4,1,53.4708
3,4,1,60.3517
3,4,1,53.1254
3,4,1,61.622
3,4,1,50.6301
3,4,1,59.1162
3,4,1,53.8948
3,4,1,31.226
3,4,1,61.7735
3,4,1,49.6077
3,4,1,42.9196
3,4,1,47.5853
3,4,1,44.9026
3,4,1,57.7384
3,4,1,58.6893
3,4,1,61.8034
3,4,1,34.1078
3,4,1,50.3967
3,4,1,49.8449
3,5,1,54.7314
3,5,1,56.5093
3,5,1,49.9369
3,5,1,47.6036
3,5,1,49.1806
3,5,1,48.5142
3,5,1,49.7411
3,5,1,48.2628
3,5,1,64.5448
3,5,1,63.4273
3,5,1,56.9092
3,5,1,48.9456
3,5,1,54.8846
3,5,1,48.8291
3,5,1,43.8767
3,5,1,51.027
3,5,1,56.4098
3,5,1,56.8144
3,5,1,47.4107
3,5,1,49.3428
3,5,1,56.0046
3,5,1,52.1966
3,5,1,61.614
3,5,1,47.5322
3,5,1,64.3883
3,5,1,56.0332
3,5,1,60.9675
3,5,1,49.8315
3,5,1,41.8654
3,5,1,61.3217
3,5,1,52.1545
3,5,1,47.1348
3,5,1,53.297
3,5,1,59.8873
3,5,1,44.4127
3,5,1,52.7095
3,5,1,57.8211
3,5,1,53.32
3,5,1,51.3364
3,5,1,54.7859
3,5,1,46.1559
3,5,1,28.2119
3,5,1,61.0948
3,5,1,52.9921
3,5,1,60.7054
3,5,1,43.2317
3,5,1,52.5222
3,5,1,36.4708
3,5,1,38.9713
3,5,1,47.5251
3,6,1,58.7577
3,6,1,60.0963
3,6,1,47.1494
3,6,1,49.437
3,6,1,47.1754
3,6,1,49.9846
3,6,1,48.0639
3,6,1,59.5432
3,6,1,48.8115
3,6,1,52.1052
3,6,1,57.4518
3,6,1,54.807
3,6,1,64.4009
3,6,1,49.8327
3,6,1,40.6835
3,6,1,49.7321
3,6,1,52.4562
3,6,1,49.0443
3,6,1,52.0411
3,6,1,49.2244
3,6,1,41.8578
3,6,1,47.0514
3,6,1,55.0206
3,6,1,44.8162
3,6,1,43.7929
3,6,1,53.9399
3,6,1,51.6352
3,6,1,47.3849
3,6,1,42.9583
3,6,1,50.0603
3,6,1,75.3462
3,6,1,40.1424
3,6,1,50.3209
3,6,1,48.6814
3,6,1,62.7286
3,6,1,61.6436
3,6,1,32.7434
3,6,1,51.2382
3,6,1,53.4372
3,6,1,53.9834
3,6,1,62.1609
3,6,1,44.1828
3,6,1,50.8602
3,6,1,55.7465
3,6,1,66.3192
3,6,1,46.3802
3,6,1,51.6943
3,6,1,52.3468
3,6,1,50.5976
3,6,1,45.4387
3,7,1,56.3728
3,7,1,61.0113
3,7,1,54.7574
3,7,1,57.7053
3,7,1,55.0753
3,7,1,57.2763
3,7,1,49.4063
3,7,1,49.4575
3,7,1,53.8498
3,7,1,62.371
3,7,1,55.6571
3,7,1,45.6554
3,7,1,46.2753
3,7,1,48.7784
3,7,1,60.7807
3,7,1,60.8042
3,7,1,49.5129
3,7,1,43.3398
3,7,1,53.7189
3,7,1,52.1242
3,7,1,43.5138
3,7,1,54.7493
3,7,1,56.8065
3,7,1,50.4672
3,7,1,55.5929
3,7,1,52.434
3,7,1,64.3607
3,7,1,42.0597
3,7,1,59.5217
3,7,1,56.2776
3,7,1,62.1651
3,7,1,62.1669
3,7,1,60.9524
3,7,1,39.2192
3,7,1,44.6996
3,7,1,53.5898
3,7,1,60.8638
3,7,1,62.3299
3,7,1,49.896
3,7,1,49.2341
3,7,1,67.3094
3,7,1,44.0248
3,7,1,62.7852
3,7,1,39.4258
3,7,1,42.485
3,7,1,41.8591
3,7,1,50.8478
3,7,1,49.1761
3,7,1,47.4758
3,7,1,39.0443
4,1,0,37.4979
4,1,0,60.0395
4,1,0,51.4766
4,1,0,48.9629
4,1,0,45.5514
4,1,0,56.178
4,1,0,36.6883
4,1,0,41.7246
4,1,0,51.0198
4,1,0,42.0855
4,1,0,46.7605
4,1,0,44.3261
4,1,0,52.8826
4,1,0,49.9733
4,1,0,52.4704
4,1,0,54.0173
4,1,0,51.0627
4,1,0,56.7015
4,1,0,39.8413
4,1,0,48.0447
4,1,0,55.8629
4,1,0,30.5949
4,1,0,49.0675
4,1,0,45.7087
4,1,0,54.3252
4,1,0,48.522
4,1,0,43.4218
4,1,0,59.5564
4,1,0,66.0039
4,1,0,23.5978
4,1,0,37.2491
4,1,0,56.6611
4,1,0,59.2232
4,1,0,41.1403
4,1,0,61.7459
4,1,0,38.6954
4,1,0,47.1219
4,1,0,59.5011
4,1,0,39.8002
4,1,0,36.6215
4,1,0,38.3385
4,1,0,46.4866
4,1,0,64.3622
4,1,0,46.3057
4,1,0,33.903
4,1,0,50.8228
4,1,0,38.457
4,1,0,50.0545
4,1,0,43.0052
4,1,0,50.029
4,2,0,43.2925
4,2,0,51.831
4,2,0,47.9058
4,2,0,52.5089
4,2,0,62.0015
4,2,0,43.1081
4,2,0,55.0345
4,2,0,53.5608
4,2,0,67.2845
4,2,0,51.6124
4,2,0,51.726
4,2,0,47.077
4,2,0,44.0741
4,2,0,50.2279
4,2,0,56.3085
4,2,0,43.9171
4,2,0,66.7903
4,2,0,53.0843
4,2,0,45.6439
4,2,0,54.8966
4,2,0,47.4364
4,2,0,39.6677
4,2,0,36.9754
4,2,0,49.3896
4,2,0,48.6602
4,2,0,39.0761
4,2,0,53.2443
4,2,0,50.7252
4,2,0,63.9384
4,2,0,47.3638
4,2,0,54.5402
4,2,0,54.7545
4,2,0,46.768
4,2,0,48.538
4,2,0,33.251
4,2,0,59.9609
4,2,0,47.717
4,2,0,33.6276
4,2,0,56.6682
4,2,0,59.6929
4,2,0,54.1876
4,2,0,50.8134
4,2,0,52.3939
4,2,0,47.0469
4,2,0,59.7613
4,2,0,55.0974
4,2,0,45.9666
4,2,0,35.9152
4,2,0,48.2065
4,2,0,47.5128
4,3,0,41.1814
4,3,0,42.9146
4,3,0,43.5427
4,3,0,49.5596
4,3,0,50.7958
4,3,0,44.616
4,3,0,46.1827
4,3,0,51.475
4,3,0,41.7297
4,3,0,55.8144
4,3,0,41.8113
4,3,0,54.1959
4,3,0,57.5042
4,3,0,64.8898
4,3,0,58.0171
4,3,0,52.6992
4,3,0,45.7358
4,3,0,50.0457
4,3,0,51.5619
4,3,0,44.3295
4,3,0,48.4501
4,3,0,38.3605
4,3,0,58.2394
4,3,0,47.3899
4,3,0,45.3952
4,3,0,56.1701
4,3,0,42.2556
4,3,0,43.6026
4,3,0,58.1215
4,3,0,50.9451
4,3,0,41.7122
4,3,0,66.4588
4,3,0,48.5991
4,3,0,45.5567
4,3,0,51.5565
4,3,0,55.2113
4,3,0,55.2544
4,3,0,45.903
4,3,0,47.0431
4,3,0,46.4848
4,3,0,58.55
4,3,0,46.1258
4,3,0,59.9034
4,3,0,50.2979
4,3,0,56.7983
4,3,0,43.5302
4,3,0,43.5357
4,3,0,56.416
4,3,0,59.8656
4,3,0,64.5675
4,4,0,50.6828
4,4,0,40.7591
4,4,0,55.9179
4,4,0,39.0169
4,4,0,40.1413
4,4,0,49.0538
4,4,0,57.1963
4,4,0,53.9934
4,4,0,45.3472
4,4,0,50.9946
4,4,0,63.1606
4,4,0,39.9962
4,4,0,48.1064
4,4,0,41.0306
4,4,0,56.032
4,4,0,55.7604
4,4,0,46.662
4,4,0,53.6972
4,4,0,36.6806
4,4,0,41.8575
4,4,0,51.3795
4,4,0,50.8219
4,4,0,50.3236
4,4,0,51.5137
4,4,0,64.022
4,4,0,49.5441
4,4,0,46.1661
4,4,0,48.5734
4,4,0,51.8932
4,4,0,56.2027
4,4,0,41.2535
4,4,0,59.209
4,4,0,45.3137
4,4,0,64.5596
4,4,0,45.7716
4,4,0,58.4497
4,4,0,53.4487
4,4,0,67.8044
4,4,0,42.5537
4,4,0,45.9384
4,4,0,60.0218
4,4,0,55.7843
4,4,0,59.0879
4,4,0,49.2616
4,4,0,56.1453
4,4,0,54.7167
4,4,0,56.2063
4,4,0,53.389
4,4,0,57.3681
4,4,0,46.7409
4,5,0,48.3197
4,5,0,56.0628
4,5,0,32.2575
4,5,0,59.4274
4,5,0,59.609
4,5,0,59.9289
4,5,0,41.8311
4,5,0,45.8692
4,5,0,45.7776
4,5,0,59.3976
4,5,0,58.1694
4,5,0,59.3034
4,5,0,59.8476
4,5,0,44.3092
4,5,0,63.1134
4,5,0,54.1652
4,5,0,57.8257
4,5,0,43.056
4,5,0,53.8742
4,5,0,51.9512
4,5,0,50.9345
4,5,0,36.8775
4,5,0,55.2093
4,5,0,68.8442
4,5,0,51.0793
4,5,0,61.4133
4,5,0,57.7916
4,5,0,46.1193
4,5,0,56.1853
4,5,0,65.9041
4,5,0,52.7494
4,5,0,53.0761
4,5,0,60.4784
4,5,0,43.7093
4,5,0,55.0652
4,5,0,70.3432
4,5,0,49.221
4,5,0,38.2058
4,5,0,45.5448
4,5,0,44.3475
4,5,0,52.389
4,5,0,44.1229
4,5,0,64.2825
4,5,0,52.8939
4,5,0,59.4139
4,5,0,50.4295
4,5,0,47.994
4,5,0,51.623
4,5,0,47.4947
4,5,0,61.4045
4,6,1,47.7407
4,6,1,56.6823
4,6,1,61.9801
4,6,1,67.1453
4,6,1,51.159
4,6,1,38.3479
4,6,1,56.9725
4,6,1,59.7704
4,6,1,58.2886
4,6,1,64.2399
4,6,1,45.9918
4,6,1,57.3238
4,6,1,60.3928
4,6,1,60.7082
4,6,1,55.0978
4,6,1,55.3301
4,6,1,42.2777
4,6,1,52.0704
4,6,1,50.6661
4,6,1,51.1768
4,6,1,58.3777
4,6,1,65.3504
4,6,1,60.6927
4,6,1,43.2325
4,6,1,45.7724
4,6,1,48.8718
4,6,1,57.149
4,6,1,56.0087
4,6,1,46.1675
4,6,1,42.597
4,6,1,36.9345
4,6,1,59.5204
4,6,1,50.4151
4,6,1,63.2116
4,6,1,58.7392
4,6,1,56.7812
4,6,1,48.4598
4,6,1,64.308
4,6,1,48.3106
4,6,1,56.2116
4,6,1,53.5768
4,6,1,43.991
4,6,1,50.6722
4,6,1,49.9613
4,6,1,54.9843
4,6,1,58.371
4,6,1,41.2189
4,6,1,61.066
4,6,1,56.7914
4,6,1,60.2272
4,7,1,49.2044
4,7,1,51.0029
4,7,1,46.9538
4,7,1,57.8584
4,7,1,52.3369
4,7,1,44.1239
4,7,1,49.7851
4,7,1,44.2896
4,7,1,63.7622
4,7,1,54.0635
4,7,1,53.3242
4,7,1,52.9848
4,7,1,70.4569
4,7,1,65.6553
4,7,1,62.3771
4,7,1,45.8862
4,7,1,51.118
4,7,1,51.5619
4,7,1,69.4458
4,7,1,55.5261
4,7,1,45.6822
4,7,1,58.5798
4,7,1,52.153
4,7,1,58.1143
4,7,1,59.3611
4,7,1,48.2127
4,7,1,51.5323
4,7,1,69.7426
4,7,1,44.0025
4,7,1,58.1523
4,7,1,47.6265
4,7,1,49.8528
4,7,1,42.421
4,7,1,62.0797
4,7,1,42.964
4,7,1,55.6595
4,7,1,39.0754
4,7,1,43.1664
4,7,1,38.7531
4,7,1,50.8776
4,7,1,66.759
4,7,1,66.7893
4,7,1,46.3569
4,7,1,47.9977
4,7,1,40.4206
4,7,1,44.9525
4,7,1,55.3731
4,7,1,46.737
4,7,1,49.2905
4,7,1,53.6953
5,1,0,57.4542
5,1,0,50.3501
5,1,0,54.3053
5,1,0,48.9139
5,1,0,50.7629
5,1,0,57.0754
5,1,0,30.7015
5,1,0,49.3326
5,1,0,54.5856
5,1,0,44.6326
5,1,0,64.3864
5,1,0,48.3446
5,1,0,45.8216
5,1,0,53.1477
5,1,0,53.7735
5,1,0,37.0389
5,1,0,44.9392
5,1,0,41.4918
5,1,0,40.6839
5,1,0,50.1282
5,1,0,51.2356
5,1,0,75.0796
5,1,0,63.9619
5,1,0,51.5404
5,1,0,57.9375
5,1,0,53.4604
5,1,0,57.3117
5,1,0,51.8858
5,1,0,60.3885
5,1,0,49.2401
5,1,0,53.1446
5,1,0,55.7356
5,1,0,46.9555
5,1,0,59.2054
5,1,0,46.2708
5,1,0,52.3192
5,1,0,58.0102
5,1,0,53.8089
5,1,0,40.8864
5,1,0,44.5905
5,1,0,39.2279
5,1,0,55.7983
5,1,0,41.0542
5,1,0,58.9226
5,1,0,47.2521
5,1,0,54.2498
5,1,0,48.9171
5,1,0,50.1707
5,1,0,64.1065
5,1,0,66.0028
5,2,0,56.8673
5,2,0,49.4905
5,2,0,46.7934
5,2,0,47.5951
5,2,0,52.8808
5,2,0,42.814
5,2,0,47.0395
5,2,0,41.9725
5,2,0,51.4873
5,2,0,48.4498
5,2,0,46.0744
5,2,0,42.4028
5,2,0,46.7643
5,2,0,34.4874
5,2,0,61.9537
5,2,0,46.1628
5,2,0,44.2916
5,2,0,54.6137
5,2,0,58.3303
5,2,0,50.3523
5,2,0,45.7714
5,2,0,49.9868
5,2,0,54.383
5,2,0,52.7237
5,2,0,53.9275
5,2,0,36.8735
5,2,0,54.3144
5,2,0,43.543
5,2,0,47.4414
5,2,0,56.7746
5,2,0,37.0583
5,2,0,48.408
5,2,0,51.9637
5,2,0,42.1171
5,2,0,51.5669
5,2,0,50.2982
5,2,0,39.2783
5,2,0,51.0368
5,2,0,42.78
5,2,0,45.6603
5,2,0,51.5689
5,2,0,51.4987
5,2,0,53.0834
5,2,0,40.8047
5,2,0,43.3187
5,2,0,53.2135
5,2,0,62.2939
5,2,0,46.4303
5,2,0,57.7382
5,2,0,48.6564
5,3,1,50.6924
5,3,1,42.2934
5,3,1,44.5985
5,3,1,50.222
5,3,1,56.8807
5,3,1,59.4754
5,3,1,48.2725
5,3,1,48.0109
5,3,1,48.0689
5,3,1,40.5865
5,3,1,63.9213
5,3,1,52.2036
5,3,1,46.3326
5,3,1,57.4538
5,3,1,44.3999
5,3,1,30.412
5,3,1,51.4125
5,3,1,26.1749
5,3,1,40.2755
5,3,1,49.7946
5,3,1,47.2691
5,3,1,47.5797
5,3,1,62.5302
5,3,1,49.9489
5,3,1,43.0707
5,3,1,39.9644
5,3,1,38.5852
5,3,1,48.6769
5,3,1,45.0751
5,3,1,39.049
5,3,1,45.6246
5,3,1,42.6955
5,3,1,36.128
5,3,1,33.376
5,3,1,52.5785
5,3,1,46.8253
5,3,1,52.707
5,3,1,54.42
5,3,1,57.1954
5,3,1,60.5415
5,3,1,71.4234
5,3,1,45.1457
5,3,1,57.7365
5,3,1,50.6295
5,3,1,55.8083
5,3,1,49.3877
5,3,1,46.8382
5,3,1,48.5079
5,3,1,37.0565
5,3,1,58.8312
5,4,1,45.354
5,4,1,59.4202
5,4,1,51.9831
5,4,1,55.9533
5,4,1,44.6683
5,4,1,53.8179
5,4,1,52.7563
5,4,1,57.7347
5,4,1,50.7184
5,4,1,46.7103
5,4,1,44.9361
5,4,1,45.2059
5,4,1,45.8341
5,4,1,44.735
5,4,1,54.0474
5,4,1,53.7626
5,4,1,53.2932
5,4,1,46.6012
5,4,1,44.9603
5,4,1,36.4317
5,4,1,45.6184
5,4,1,29.6687
5,4,1,49.5837
5,4,1,65.6916
5,4,1,39.2716
5,4,1,60.9824
5,4,1,38.2994
5,4,1,46.3109
5,4,1,57.5769
5,4,1,56.4166
5,4,1,41.5583
5,4,1,50.5767
5,4,1,45.3132
5,4,1,67.5548
5,4,1,38.711
5,4,1,40.4442
5,4,1,55.3845
5,4,1,59.5898
5,4,1,35.0043
5,4,1,41.7021
5,4,1,43.3878
5,4,1,49.7689
5,4,1,55.2036
5,4,1,51.3869
5,4,1,41.3291
5,4,1,68.2488
5,4,1,37.0826
5,4,1,47.6889
5,4,1,57.9581
5,4,1,39.7813
5,5,1,63.9389
5,5,1,58.9742
5,5,1,53.1438
5,5,1,59.5205
5,5,1,56.4449
5,5,1,46.1525
5,5,1,40.7753
5,5,1,38.1438
5,5,1,52.8648
5,5,1,40.3306
5,5,1,61.6007
5,5,1,34.6125
5,5,1,49.3233
5,5,1,47.6011
5,5,1,43.3165
5,5,1,48.8722
5,5,1,67.9477
5,5,1,32.8322
5,5,1,41.6343
5,5,1,48.8363
5,5,1,54.4777
5,5,1,51.0255
5,5,1,47.013
5,5,1,57.7478
5,5,1,49.2467
5,5,1,51.397
5,5,1,27.7863
5,5,1,39.1202
5,5,1,61.146
5,5,1,49.9334
5,5,1,45.7666
5,5,1,49.0528
5,5,1,70.5745
5,5,1,51.6614
5,5,1,48.5016
5,5,1,60.7731
5,5,1,40.9731
5,5,1,42.9361
5,5,1,44.2818
5,5,1,49.4994
5,5,1,44.1842
5,5,1,52.4251
5,5,1,47.8042
5,5,1,48.2226
5,5,1,45.4097
5,5,1,52.0751
5,5,1,38.8611
5,5,1,41.4939
5,5,1,55.2454
5,5,1,41.342
5,6,1,48.7711
5,6,1,41.453
5,6,1,47.4382
5,6,1,56.9669
5,6,1,38.3537
5,6,1,50.5104
5,6,1,52.3298
5,6,1,49.7647
5,6,1,49.8082
5,6,1,41.4482
5,6,1,46.1132
5,6,1,48.9545
5,6,1,34.3941
5,6,1,52.2971
5,6,1,39.6866
5,6,1,53.9728
5,6,1,50.2008
5,6,1,33.0139
5,6,1,50.9555
5,6,1,46.9316
5,6,1,53.5036
5,6,1,59.4718
5,6,1,44.3298
5,6,1,59.6913
5,6,1,60.9894
5,6,1,51.4134
5,6,1,55.1638
5,6,1,62.3487
5,6,1,44.4469
5,6,1,43.4294
5,6,1,52.4777
5,6,1,42.9479
5,6,1,59.9804
5,6,1,45.1693
5,6,1,56.1769
5,6,1,42.5856
5,6,1,40.4958
5,6,1,48.5601
5,6,1,60.3694
5,6,1,55.3213
5,6,1,53.6142
5,6,1,37.4332
5,6,1,42.9705
5,6,1,52.4431
5,6,1,53.13
5,6,1,51.9754
5,6,1,58.822
5,6,1,39.1811
5,6,1,63.7657
5,6,1,58.1388
5,7,1,54.2462
5,7,1,49.7268
5,7,1,57.3081
5,7,1,50.7491
5,7,1,45.2967
5,7,1,38.8427
5,7,1,49.3849
5,7,1,54.7036
5,7,1,56.6943
5,7,1,61.7939
5,7,1,51.7175
5,7,1,48.9435
5,7,1,68.7764
5,7,1,45.1178
5,7,1,60.7771
5,7,1,62.6192
5,7,1,41.4724
5,7,1,39.7319
5,7,1,52.8345
5,7,1,58.1197
5,7,1,53.6713
5,7,1,47.9318
5,7,1,50.7481
5,7,1,34.7156
5,7,1,69.8193
5,7,1,40.6918
5,7,1,51.1276
5,7,1,49.7581
5,7,1,53.4681
5,7,1,43.1046
5,7,1,55.0656
5,7,1,52.6408
5,7,1,72.4512
5,7,1,45.6749
5,7,1,55.5517
5,7,1,53.4204
5,7,1,58.1124
5,7,1,46.21
5,7,1,55.9029
5,7,1,48.5965
5,7,1,52.2255
5,7,1,44.5381
5,7,1,51.2406
5,7,1,37.4029
5,7,1,37.3698
5,7,1,52.3018
5,7,1,67.3399
5,7,1,49.4233
5,7,1,54.6041
5,7,1,67.8925
6,1,0,43.2843
6,1,0,41.3004
6,1,0,47.8691
6,1,0,47.0026
6,1,0,46.1663
6,1,0,50.1746
6,1,0,46.7114
6,1,0,45.202
6,1,0,70.9101
6,1,0,64.4385
6,1,0,44.2964
6,1,0,54.4947
6,1,0,54.6209
6,1,0,60.2414
6,1,0,45.0229
6,1,0,55.6305
6,1,0,47.1245
6,1,0,64.9712
6,1,0,64.5887
6,1,0,45.0503
6,1,0,56.953
6,1,0,53.7055
6,1,0,53.6113
6,1,0,52.5246
6,1,0,43.9653
6,1,0,50.0269
6,1,0,69.1436
6,1,0,61.9724
6,1,0,50.4826
6,1,0,60.0936
6,1,0,49.6817
6,1,0,67.9231
6,1,0,55.165
6,1,0,47.4565
6,1,0,66.9102
6,1,0,51.3503
6,1,0,39.0357
6,1,0,63.3537
6,1,0,48.9116
6,1,0,65.3998
6,1,0,40.3197
6,1,0,62.9237
6,1,0,56.816
6,1,0,43.5262
6,1,0,50.4835
6,1,0,47.7364
6,1,0,60.7705
6,1,0,59.9375
6,1,0,76.8488
6,1,0,60.7353
6,2,1,51.7968
6,2,1,49.0403
6,2,1,48.4541
6,2,1,59.8614
6,2,1,55.0813
6,2,1,57.2787
6,2,1,52.3649
6,2,1,48.5621
6,2,1,36.9622
6,2,1,58.5153
6,2,1,51.9087
6,2,1,61.0033
6,2,1,46.4066
6,2,1,45.4554
6,2,1,57.1111
6,2,1,55.727
6,2,1,57.3614
6,2,1,43.2146
6,2,1,44.926
6,2,1,59.4178
6,2,1,59.2463
6,2,1,62.5276
6,2,1,50.1547
6,2,1,39.9089
6,2,1,54.4278
6,2,1,56.4694
6,2,1,56.0863
6,2,1,48.7735
6,2,1,60.157
6,2,1,65.3733
6,2,1,48.7644
6,2,1,48.9427
6,2,1,49.2601
6,2,1,50.6038
6,2,1,57.2562
6,2,1,48.0918
6,2,1,50.7264
6,2,1,49.998
6,2,1,48.7668
6,2,1,54.777
6,2,1,37.4032
6,2,1,58.0418
6,2,1,53.5239
6,2,1,57.6799
6,2,1,47.2443
6,2,1,61.5953
6,2,1,51.1363
6,2,1,49.7584
6,2,1,50.7904
6,2,1,36.018
6,3,1,62.4814
6,3,1,40.819
6,3,1,59.8924
6,3,1,50.649
6,3,1,56.0054
6,3,1,54.8406
6,3,1,58.9507
6,3,1,54.6524
6,3,1,51.2859
6,3,1,66.2956
6,3,1,33.1509
6,3,1,58.6507
6,3,1,64.2576
6,3,1,56.7299
6,3,1,64.223
6,3,1,52.4634
6,3,1,40.2129
6,3,1,49.1957
6,3,1,40.9625
6,3,1,54.4072
6,3,1,50.7113
6,3,1,36.1097
6,3,1,52.3301
6,3,1,64.3692
6,3,1,55.6859
6,3,1,40.3032
6,3,1,42.8906
6,3,1,56.9933
6,3,1,40.3001
6,3,1,52.5135
6,3,1,63.6012
6,3,1,45.7807
6,3,1,35.2052
6,3,1,57.4429
6,3,1,54.7163
6,3,1,46.9302
6,3,1,60.5141
6,3,1,60.6095
6,3,1,46.3137
6,3,1,59.2921
6,3,1,59.0261
6,3,1,48.8084
6,3,1,46.4685
6,3,1,76.3543
6,3,1,54.772
6,3,1,42.8192
6,3,1,48.7365
6,3,1,55.1299
6,3,1,60.56
6,3,1,42.571
6,4,1,46.8873
6,4,1,64.1126
6,4,1,49.7476
6,4,1,56.6264
6,4,1,50.2776
6,4,1,46.0324
6,4,1,46.4471
6,4,1,58.254
6,4,1,47.7879
6,4,1,58.387
6,4,1,41.9166
6,4,1,44.4689
6,4,1,58.5669
6,4,1,59.7097
6,4,1,42.3219
6,4,1,50.5025
6,4,1,57.7435
6,4,1,62.4812
6,4,1,62.1379
6,4,1,38.4594
6,4,1,58.0107
6,4,1,56.9561
6,4,1,56.8119
6,4,1,55.7048
6,4,1,54.9759
6,4,1,58.4185
6,4,1,38.5086
6,4,1,46.2939
6,4,1,50.1487
6,4,1,49.9514
6,4,1,50.4978
6,4,1,59.5752
6,4,1,48.71
6,4,1,64.0591
6,4,1,53.8436
6,4,1,50.9502
6,4,1,53.7562
6,4,1,35.6074
6,4,1,55.253
6,4,1,48.295
6,4,1,71.068
6,4,1,44.1153
6,4,1,54.9976
6,4,1,59.389
6,4,1,53.3067
6,4,1,58.6681
6,4,1,68.8516
6,4,1,57.0901
6,4,1,55.0983
6,4,1,52.8992
6,5,1,75.6362
6,5,1,50.0488
6,5,1,45.2419
6,5,1,45.5936
6,5,1,60.2064
6,5,1,53.2045
6,5,1,58.7339
6,5,1,46.5907
6,5,1,52.6174
6,5,1,39.0172
6,5,1,43.8713
6,5,1,48.7085
6,5,1,54.0635
6,5,1,50.7365
6,5,1,61.4514
6,5,1,59.2788
6,5,1,53.1604
6,5,1,47.9269
6,5,1,59.4414
6,5,1,59.8504
6,5,1,57.2429
6,5,1,46.3162
6,5,1,47.0819
6,5,1,43.8225
6,5,1,56.6742
6,5,1,55.297
6,5,1,55.1977
6,5,1,57.0438
6,5,1,39.5081
6,5,1,50.5589
6,5,1,55.5307
6,5,1,65.3635
6,5,1,58.1538
6,5,1,63.4191
6,5,1,53.2522
6,5,1,55.0103
6,5,1,48.9911
6,5,1,49.7605
6,5,1,54.3194
6,5,1,55.0181
6,5,1,60.8573
6,5,1,69.8811
6,5,1,72.6103
6,5,1,60.9266
6,5,1,55.1333
6,5,1,53.5614
6,5,1,43.3109
6,5,1,50.1234
6,5,1,46.5215
6,5,1,58.6919
6,6,1,56.9641
6,6,1,48.962
6,6,1,52.0448
6,6,1,55.0941
6,6,1,60.6839
6,6,1,59.8621
6,6,1,57.9866
6,6,1,55.5762
6,6,1,46.2264
6,6,1,38.8912
6,6,1,59.8861
6,6,1,48.0869
6,6,1,52.4349
6,6,1,61.6942
6,6,1,51.551
6,6,1,38.2797
6,6,1,58.1336
6,6,1,55.2919
6,6,1,43.3805
6,6,1,58.2834
6,6,1,40.7396
6,6,1,49.2067
6,6,1,55.9916
6,6,1,54.6213
6,6,1,51.4961
6,6,1,53.9216
6,6,1,48.6714
6,6,1,46.4798
6,6,1,63.5989
6,6,1,58.7599
6,6,1,46.3863
6,6,1,57.7413
6,6,1,53.0189
6,6,1,55.9843
6,6,1,48.8009
6,6,1,49.1444
6,6,1,48.0005
6,6,1,56.6229
6,6,1,46.4594
6,6,1,55.0009
6,6,1,58.8027
6,6,1,55.9403
6,6,1,49.4251
6,6,1,51.9704
6,6,1,48.5296
6,6,1,66.0799
6,6,1,58.0482
6,6,1,58.4092
6,6,1,57.5889
6,6,1,54.6882
6,7,1,60.7135
6,7,1,43.0498
6,7,1,62.1392
6,7,1,44.78
6,7,1,54.8214
6,7,1,52.1867
6,7,1,46.186
6,7,1,67.4805
6,7,1,62.5049
6,7,1,56.1204
6,7,1,64.572
6,7,1,56.874
6,7,1,67.7309
6,7,1,48.6134
6,7,1,52.0713
6,7,1,53.821
6,7,1,71.9322
6,7,1,68.6361
6,7,1,65.0302
6,7,1,63.4599
6,7,1,41.9858
6,7,1,57.9715
6,7,1,59.6538
6,7,1,40.8336
6,7,1,61.0979
6,7,1,56.0106
6,7,1,66.2148
6,7,1,65.2966
6,7,1,63.1728
6,7,1,57.8664
6,7,1,37.0988
6,7,1,53.5111
6,7,1,66.0583
6,7,1,71.7587
6,7,1,68.9064
6,7,1,55.7465
6,7,1,51.2445
6,7,1,60.3362
6,7,1,51.0488
6,7,1,43.656
6,7,1,56.97
6,7,1,49.7226
6,7,1,58.6848
6,7,1,48.7474
6,7,1,49.0413
6,7,1,64.9108
6,7,1,59.2414
6,7,1,47.0504
6,7,1,57.0251
6,7,1,44.9535
7,1,0,56.3622
7,1,0,55.2005
7,1,0,43.8497
7,1,0,50.644
7,1,0,53.9591
7,1,0,34.9401
7,1,0,63.7942
7,1,0,40.6902
7,1,0,32.2933
7,1,0,54.3354
7,1,0,56.3048
7,1,0,67.5885
7,1,0,46.3037
7,1,0,44.2554
7,1,0,55.7121
7,1,0,49.7044
7,1,0,47.7548
7,1,0,45.2602
7,1,0,43.5884
7,1,0,49.6753
7,1,0,50.4508
7,1,0,33.8366
7,1,0,38.536
7,1,0,39.0174
7,1,0,48.236
7,1,0,52.9185
7,1,0,32.7439
7,1,0,46.3294
7,1,0,41.9906
7,1,0,59.4077
7,1,0,62.953
7,1,0,57.7056
7,1,0,51.2997
7,1,0,57.5185
7,1,0,50.6672
7,1,0,46.7015
7,1,0,59.6953
7,1,0,56.2112
7,1,0,51.6795
7,1,0,63.5479
7,1,0,55.8239
7,1,0,55.3904
7,1,0,57.1968
7,1,0,62.7431
7,1,0,43.3017
7,1,0,52.1797
7,1,0,43.0429
7,1,0,52.129
7,1,0,36.4933
7,1,0,51.3381
7,2,0,65.6919
7,2,0,42.7639
7,2,0,44.6001
7,2,0,51.2233
7,2,0,45.5276
7,2,0,41.3716
7,2,0,42.4225
7,2,0,51.2828
7,2,0,57.4307
7,2,0,38.8856
7,2,0,46.642
7,2,0,51.5022
7,2,0,50.8824
7,2,0,48.8828
7,2,0,57.3587
7,2,0,49.9964
7,2,0,43.2069
7,2,0,44.2278
7,2,0,52.0417
7,2,0,34.9567
7,2,0,53.0388
7,2,0,64.8861
7,2,0,59.8016
7,2,0,25.6645
7,2,0,54.626
7,2,0,42.5992
7,2,0,65.2322
7,2,0,35.9649
7,2,0,41.8668
7,2,0,43.5819
7,2,0,54.9975
7,2,0,46.2778
7,2,0,53.1444
7,2,0,52.4833
7,2,0,63.7118
7,2,0,57.8477
7,2,0,47.8152
7,2,0,52.3986
7,2,0,43.4248
7,2,0,43.3266
7,2,0,46.9954
7,2,0,37.1175
7,2,0,48.4179
7,2,0,43.1563
7,2,0,46.2889
7,2,0,62.8111
7,2,0,60.4824
7,2,0,43.5176
7,2,0,47.5945
7,2,0,51.3263
7,3,0,38.4796
7,3,0,50.5115
7,3,0,43.9373
7,3,0,50.9591
7,3,0,60.9274
7,3,0,44.4592
7,3,0,59.738
7,3,0,48.4561
7,3,0,48.6998
7,3,0,51.5884
7,3,0,50.3441
7,3,0,66.8962
7,3,0,59.5394
7,3,0,37.0827
7,3,0,55.4876
7,3,0,49.4992
7,3,0,44.963
7,3,0,56.293
7,3,0,44.122
7,3,0,48.7315
7,3,0,59.2089
7,3,0,52.7468
7,3,0,53.0914
7,3,0,55.6579
7,3,0,56.0422
7,3,0,67.71
7,3,0,60.2713
7,3,0,54.8117
7,3,0,49.0781
7,3,0,62.2965
7,3,0,44.0749
7,3,0,67.6181
7,3,0,58.7761
7,3,0,53.6674
7,3,0,48.5807
7,3,0,41.8966
7,3,0,40.4206
7,3,0,54.4444
7,3,0,51.9547
7,3,0,54.4222
7,3,0,42.4797
7,3,0,63.1502
7,3,0,33.8737
7,3,0,44.9203
7,3,0,37.6143
7,3,0,55.4748
7,3,0,46.4452
7,3,0,59.61
7,3,0,51.2829
7,3,0,42.5297
7,4,0,51.3079
7,4,0,60.157
7,4,0,57.47
7,4,0,50.6047
7,4,0,51.6077
7,4,0,55.4697
7,4,0,54.7695
7,4,0,52.249
7,4,0,47.2578
7,4,0,51.3164
7,4,0,63.3266
7,4,0,47.5266
7,4,0,52.9362
7,4,0,59.8068
7,4,0,52.649
7,4,0,45.5618
7,4,0,50.033
7,4,0,58.078
7,4,0,49.5363
7,4,0,41.1275
7,4,0,48.0773
7,4,0,42.4106
7,4,0,48.4452
7,4,0,47.8523
7,4,0,51.2206
7,4,0,37.5027
7,4,0,47.1308
7,4,0,59.5384
7,4,0,45.2299
7,4,0,63.0141
7,4,0,66.1626
7,4,0,42.7464
7,4,0,60.3098
7,4,0,50.7622
7,4,0,56.5678
7,4,0,45.36
7,4,0,67.114
7,4,0,67.0764
7,4,0,52.0403
7,4,0,65.8507
7,4,0,58.357
7,4,0,52.6632
7,4,0,42.8906
7,4,0,50.7724
7,4,0,44.1063
7,4,0,63.2348
7,4,0,61.9989
7,4,0,51.1461
7,4,0,71.4632
7,4,0,58.3544
7,5,0,46.877
7,5,0,47.3984
7,5,0,43.0689
7,5,0,46.9853
7,5,0,53.7637
7,5,0,51.8464
7,5,0,45.3422
7,5,0,48.6861
7,5,0,58.3344
7,5,0,56.1019
7,5,0,56.6563
7,5,0,65.8101
7,5,0,56.4549
7,5,0,58.8231
7,5,0,38.8985
7,5,0,54.6111
7,5,0,64.5405
7,5,0,52.6043
7,5,0,52.3276
7,5,0,54.6641
7,5,0,49.1394
7,5,0,57.6211
7,5,0,48.255
7,5,0,44.1982
7,5,0,59.3975
7,5,0,71.9109
7,5,0,46.1715
7,5,0,49.456
7,5,0,57.876
7,5,0,65.0956
7,5,0,49.6871
7,5,0,55.2432
7,5,0,55.8195
7,5,0,58.5817
7,5,0,53.7956
7,5,0,52.4042
7,5,0,44.9319
7,5,0,66.6903
7,5,0,50.4138
7,5,0,65.5839
7,5,0,57.4757
7,5,0,46.2183
7,5,0,54.6953
7,5,0,56.924
7,5,0,61.4077
7,5,0,70.0201
7,5,0,44.4112
7,5,0,60.1647
7,5,0,63.5365
7,5,0,61.1724
7,6,0,53.6086
7,6,0,51.1212
7,6,0,55.1351
7,6,0,58.0846
7,6,0,51.7996
7,6,0,46.0655
7,6,0,66.6225
7,6,0,49.5839
7,6,0,43.8984
7,6,0,48.3854
7,6,0,41.5269
7,6,0,64.3214
7,6,0,63.5412
7,6,0,47.6284
7,6,0,57.1787
7,6,0,51.0659
7,6,0,54.6441
7,6,0,48.895
7,6,0,53.605
7,6,0,63.3881
7,6,0,51.0645
7,6,0,47.8043
7,6,0,51.1385
7,6,0,59.2344
7,6,0,50.88
7,6,0,30.9386
7,6,0,53.7086
7,6,0,46.4408
7,6,0,51.5354
7,6,0,45.0985
7,6,0,44.0912
7,6,0,46.6939
7,6,0,63.4722
7,6,0,57.937
7,6,0,74.5547
7,6,0,46.2551
7,6,0,44.9381
7,6,0,43.7667
7,6,0,44.3745
7,6,0,54.213
7,6,0,67.8246
7,6,0,62.2623
7,6,0,54.8404
7,6,0,45.488
7,6,0,61.196
7,6,0,68.8589
7,6,0,44.0114
7,6,0,44.0306
7,6,0,51.792
7,6,0,41.9666
7,7,1,41.0927
7,7,1,52.06
7,7,1,64.4435
7,7,1,54.7773
7,7,1,60.1989
7,7,1,43.208
7,7,1,57.0484
7,7,1,42.7434
7,7,1,50.695
7,7,1,46.3154
7,7,1,61.1982
7,7,1,67.2713
7,7,1,52.5565
7,7,1,48.345
7,7,1,52.3584
7,7,1,56.7079
7,7,1,42.4436
7,7,1,69.3848
7,7,1,60.944
7,7,1,52.4614
7,7,1,49.5422
7,7,1,56.6626
7,7,1,57.9988
7,7,1,55.8682
7,7,1,53.5317
7,7,1,55.8597
7,7,1,56.1837
7,7,1,57.7317
7,7,1,54.6617
7,7,1,41.1182
7,7,1,49.0943
7,7,1,55.1128
7,7,1,53.2219
7,7,1,42.1366
7,7,1,47.2272
7,7,1,53.2401
7,7,1,52.8485
7,7,1,67.9681
7,7,1,56.864
7,7,1,46.7881
7,7,1,56.909
7,7,1,43.4958
7,7,1,47.2197
7,7,1,56.2932
7,7,1,45.2524
7,7,1,43.1152
7,7,1,43.6442
7,7,1,67.4656
7,7,1,53.3588
7,7,1,52.5913
8,1,0,45.2888
8,1,0,59.9633
8,1,0,45.9301
8,1,0,59.0375
8,1,0,32.7606
8,1,0,33.2629
8,1,0,61.9944
8,1,0,41.0437
8,1,0,45.7425
8,1,0,42.5513
8,1,0,48.8576
8,1,0,50.2161
8,1,0,48.2215
8,1,0,59.3657
8,1,0,40.9202
8,1,0,51.221
8,1,0,54.6651
8,1,0,60.3822
8,1,0,60.6527
8,1,0,57.5839
8,1,0,52.2594
8,1,0,41.5118
8,1,0,51.9149
8,1,0,56.4756
8,1,0,43.4015
8,1,0,30.5356
8,1,0,39.3271
8,1,0,62.0129
8,1,0,55.4105
8,1,0,41.0207
8,1,0,54.4966
8,1,0,30.4222
8,1,0,35.2835
8,1,0,32.9685
8,1,0,48.3736
8,1,0,44.8475
8,1,0,62.2583
8,1,0,36.9391
8,1,0,49.6596
8,1,0,55.1777
8,1,0,44.1355
8,1,0,43.3554
8,1,0,48.2603
8,1,0,43.9767
8,1,0,45.992
8,1,0,47.6961
8,1,0,49.2279
8,1,0,49.216
8,1,0,47.0501
8,1,0,40.9338
8,2,0,71.8224
8,2,0,50.4315
8,2,0,54.06
8,2,0,44.1024
8,2,0,49.5385
8,2,0,39.156
8,2,0,43.2365
8,2,0,45.4139
8,2,0,58.6233
8,2,0,54.2714
8,2,0,67.9158
8,2,0,46.0091
8,2,0,45.2171
8,2,0,60.0863
8,2,0,53.0606
8,2,0,38.4912
8,2,0,48.2885
8,2,0,40.6994
8,2,0,56.454
8,2,0,55.4312
8,2,0,30.5563
8,2,0,46.8804
8,2,0,35.518
8,2,0,62.1422
8,2,0,37.4163
8,2,0,47.2994
8,2,0,37.379
8,2,0,59.5973
8,2,0,43.4843
8,2,0,45.026
8,2,0,45.1978
8,2,0,47.9271
8,2,0,57.1839
8,2,0,61.8207
8,2,0,47.0638
8,2,0,38.4431
8,2,0,60.3002
8,2,0,49.2113
8,2,0,31.4146
8,2,0,39.4821
8,2,0,48.7188
8,2,0,47.4696
8,2,0,43.1732
8,2,0,62.1336
8,2,0,39.8232
8,2,0,49.734
8,2,0,51.512
8,2,0,41.5394
8,2,0,46.1611
8,2,0,34.5599
8,3,0,49.7064
8,3,0,56.3961
8,3,0,50.7027
8,3,0,55.485
8,3,0,36.2888
8,3,0,49.5714
8,3,0,48.576
8,3,0,45.317
8,3,0,49.9637
8,3,0,40.9939
8,3,0,45.2194
8,3,0,61.0073
8,3,0,50.6546
8,3,0,58.9722
8,3,0,44.1881
8,3,0,58.4119
8,3,0,63.437
8,3,0,48.3081
8,3,0,48.2654
8,3,0,58.9027
8,3,0,52.8958
8,3,0,48.0461
8,3,0,55.1969
8,3,0,61.1548
8,3,0,49.2476
8,3,0,65.7998
8,3,0,40.0197
8,3,0,64.5759
8,3,0,46.4337
8,3,0,43.3549
8,3,0,55.0516
8,3,0,53.2334
8,3,0,36.3048
8,3,0,38.9931
8,3,0,53.6714
8,3,0,56.8245
8,3,0,38.3747
8,3,0,53.316
8,3,0,48.6794
8,3,0,44.5388
8,3,0,52.7105
8,3,0,41.4445
8,3,0,57.2766
8,3,0,41.0288
8,3,0,45.3023
8,3,0,44.3779
8,3,0,50.1038
8,3,0,50.9129
8,3,0,50.5258
8,3,0,50.7807
8,4,0,55.639
8,4,0,56.3082
8,4,0,45.7578
8,4,0,63.2098
8,4,0,52.0185
8,4,0,44.4608
8,4,0,49.4772
8,4,0,42.4116
8,4,0,46.7038
8,4,0,43.7244
8,4,0,58.0187
8,4,0,57.8115
8,4,0,50.6075
8,4,0,69.1304
8,4,0,55.2861
8,4,0,50.4801
8,4,0,60.2793
8,4,0,34.5615
8,4,0,50.6158
8,4,0,56.753
8,4,0,64.5945
8,4,0,41.0928
8,4,0,56.2923
8,4,0,48.9239
8,4,0,38.4527
8,4,0,54.7347
8,4,0,57.6623
8,4,0,49.5958
8,4,0,56.38
8,4,0,50.0314
8,4,0,46.3226
8,4,0,46.1886
8,4,0,47.2969
8,4,0,27.3464
8,4,0,54.3682
8,4,0,44.0077
8,4,0,37.8913
8,4,0,50.282
8,4,0,39.6044
8,4,0,50.8493
8,4,0,45.8615
8,4,0,50.1158
8,4,0,60.8707
8,4,0,49.8016
8,4,0,44.7073
8,4,0,57.7252
8,4,0,52.6875
8,4,0,36.1244
8,4,0,46.1067
8,4,0,46.0306
8,5,1,41.4489
8,5,1,54.2364
8,5,1,49.1619
8,5,1,65.2746
8,5,1,39.6572
8,5,1,47.7766
8,5,1,45.3178
8,5,1,48.8281
8,5,1,43.5273
8,5,1,43.5508
8,5,1,32.4648
8,5,1,52.9748
8,5,1,54.6242
8,5,1,38.703
8,5,1,58.8796
8,5,1,45.4474
8,5,1,56.9057
8,5,1,46.7822
8,5,1,47.6108
8,5,1,39.2463
8,5,1,71.1567
8,5,1,32.5279
8,5,1,47.9966
8,5,1,52.119
8,5,1,50.3042
8,5,1,43.0371
8,5,1,58.9221
8,5,1,43.3654
8,5,1,37.4966
8,5,1,63.0412
8,5,1,54.8425
8,5,1,49.6411
8,5,1,50.6834
8,5,1,59.3232
8,5,1,44.425
8,5,1,36.4403
8,5,1,48.9448
8,5,1,52.5695
8,5,1,54.7502
8,5,1,36.6395
8,5,1,49.194
8,5,1,55.7715
8,5,1,50.6201
8,5,1,72.4264
8,5,1,43.3739
8,5,1,53.7387
8,5,1,56.8996
8,5,1,54.2556
8,5,1,48.0796
8,5,1,42.3999
8,6,1,60.284
8,6,1,46.2591
8,6,1,49.3441
8,6,1,49.794
8,6,1,47.7676
8,6,1,62.3231
8,6,1,35.9079
8,6,1,47.3186
8,6,1,43.8125
8,6,1,48.8927
8,6,1,56.959
8,6,1,55.5867
8,6,1,50.0049
8,6,1,64.9324
8,6,1,59.2611
8,6,1,51.0487
8,6,1,41.0994
8,6,1,55.6637
8,6,1,55.4386
8,6,1,52.3504
8,6,1,51.0036
8,6,1,53.6956
8,6,1,49.8513
8,6,1,35.9866
8,6,1,43.8652
8,6,1,39.7161
8,6,1,51.8783
8,6,1,40.7941
8,6,1,46.1155
8,6,1,45.4606
8,6,1,50.4513
8,6,1,49.4366
8,6,1,51.7042
8,6,1,60.9055
8,6,1,47.6243
8,6,1,46.6851
8,6,1,58.2214
8,6,1,58.1456
8,6,1,44.4993
8,6,1,49.3113
8,6,1,50.5001
8,6,1,60.4304
8,6,1,52.3002
8,6,1,43.2067
8,6,1,55.1924
8,6,1,57.0501
8,6,1,65.6205
8,6,1,45.6386
8,6,1,37.9345
8,6,1,51.4468
8,7,1,53.6492
8,7,1,62.6921
8,7,1,45.3837
8,7,1,56.4496
8,7,1,54.6695
8,7,1,61.4187
8,7,1,54.5815
8,7,1,46.6433
8,7,1,46.1821
8,7,1,45.3772
8,7,1,55.4896
8,7,1,64.6635
8,7,1,41.4164
8,7,1,50.0063
8,7,1,56.2628
8,7,1,64.5552
8,7,1,40.8696
8,7,1,57.1991
8,7,1,60.2485
8,7,1,44.2475
8,7,1,50.0601
8,7,1,52.8907
8,7,1,52.226
8,7,1,61.3849
8,7,1,60.8139
8,7,1,52.4929
8,7,1,54.0707
8,7,1,51.6216
8,7,1,43.3298
8,7,1,45.5776
8,7,1,66.3572
8,7,1,49.1568
8,7,1,45.6345
8,7,1,51.432
8,7,1,67.8606
8,7,1,50.8842
8,7,1,51.2793
8,7,1,49.4848
8,7,1,42.5345
8,7,1,63.2583
8,7,1,48.3912
8,7,1,54.2511
8,7,1,54.6982
8,7,1,46.9224
8,7,1,53.745
8,7,1,51.4374
8,7,1,50.4913
8,7,1,49.4387
8,7,1,53.6809
8,7,1,66.5189
9,1,0,52.2161
9,1,0,58.5108
9,1,0,33.8834
9,1,0,45.8527
9,1,0,38.5347
9,1,0,45.2042
9,1,0,64.2999
9,1,0,39.1983
9,1,0,49.8544
9,1,0,49.6901
9,1,0,37.2301
9,1,0,41.6234
9,1,0,44.8853
9,1,0,39.2788
9,1,0,53.6912
9,1,0,53.0559
9,1,0,34.656
9,1,0,40.0704
9,1,0,51.8582
9,1,0,50.2921
9,1,0,54.3065
9,1,0,50.5236
9,1,0,54.4474
9,1,0,58.4238
9,1,0,41.1177
9,1,0,57.3252
9,1,0,48.508
9,1,0,56.5408
9,1,0,37.8867
9,1,0,42.5552
9,1,0,43.595
9,1,0,47.7034
9,1,0,44.7274
9,1,0,54.3064
9,1,0,44.5605
9,1,0,51.3273
9,1,0,40.0994
9,1,0,52.181
9,1,0,60.6011
9,1,0,41.6687
9,1,0,40.3508
9,1,0,49.0066
9,1,0,44.3268
9,1,0,52.6475
9,1,0,40.5127
9,1,0,41.9676
9,1,0,62.8699
9,1,0,31.7938
9,1,0,62.2289
9,1,0,48.8918
9,2,0,46.8736
9,2,0,65.483
9,2,0,67.3784
9,2,0,57.7252
9,2,0,43.3492
9,2,0,48.3524
9,2,0,39.263
9,2,0,43.8235
9,2,0,60.4792
9,2,0,45.8017
9,2,0,58.7539
9,2,0,47.9587
9,2,0,55.0125
9,2,0,48.5138
9,2,0,49.5953
9,2,0,39.1293
9,2,0,49.6291
9,2,0,49.2457
9,2,0,52.9658
9,2,0,38.4479
9,2,0,44.9591
9,2,0,44.2092
9,2,0,36.8722
9,2,0,50.0254
9,2,0,41.482
9,2,0,50.1303
9,2,0,34.4554
9,2,0,58.4468
9,2,0,41.4627
9,2,0,51.5869
9,2,0,57.4835
9,2,0,51.5725
9,2,0,48.2507
9,2,0,39.6621
9,2,0,57.6272
9,2,0,36.5607
9,2,0,42.0673
9,2,0,35.3646
9,2,0,33.7771
9,2,0,47.8961
9,2,0,53.1974
9,2,0,57.3194
9,2,0,52.1928
9,2,0,46.6599
9,2,0,44.5006
9,2,0,51.4116
9,2,0,44.3389
9,2,0,52.1689
9,2,0,56.6597
9,2,0,44.3812
9,3,0,58.1451
9,3,0,52.4657
9,3,0,46.3362
9,3,0,47.03
9,3,0,48.0798
9,3,0,46.9978
9,3,0,41.3226
9,3,0,60.4585
9,3,0,60.3133
9,3,0,51.661
9,3,0,59.0374
9,3,0,49.3512
9,3,0,42.57
9,3,0,53.7116
9,3,0,50.0011
9,3,0,57.5409
9,3,0,60.4015
9,3,0,51.5075
9,3,0,41.0642
9,3,0,44.912
9,3,0,59.8389
9,3,0,44.6401
9,3,0,50.8794
9,3,0,45.5006
9,3,0,43.4346
9,3,0,32.2022
9,3,0,47.1886
9,3,0,45.2216
9,3,0,46.9942
9,3,0,50.8983
9,3,0,55.7886
9,3,0,54.6344
9,3,0,53.4692
9,3,0,49.1263
9,3,0,49.7807
9,3,0,47.6749
9,3,0,35.0696
9,3,0,49.048
9,3,0,42.0307
9,3,0,50.9463
9,3,0,49.3088
9,3,0,45.3351
9,3,0,47.5081
9,3,0,54.3771
9,3,0,53.2428
9,3,0,60.5958
9,3,0,55.1031
9,3,0,32.6689
9,3,0,38.4884
9,3,0,42.8757
9,4,1,43.5243
9,4,1,55.6345
9,4,1,49.4922
9,4,1,46.6663
9,4,1,45.638
9,4,1,44.2714
9,4,1,38.5138
9,4,1,49.1371
9,4,1,41.6017
9,4,1,63.934
9,4,1,47.2861
9,4,1,52.4856
9,4,1,44.2366
9,4,1,33.5868
9,4,1,44.3229
9,4,1,48.2742
9,4,1,54.1765
9,4,1,59.7094
9,4,1,63.6861
9,4,1,39.7497
9,4,1,64.9732
9,4,1,58.9668
9,4,1,44.2445
9,4,1,51.1659
9,4,1,43.1895
9,4,1,44.133
9,4,1,46.3547
9,4,1,41.2727
9,4,1,60.9627
9,4,1,49.1227
9,4,1,54.4335
9,4,1,51.1968
9,4,1,51.1048
9,4,1,40.0987
9,4,1,55.313
9,4,1,52.2816
9,4,1,32.1809
9,4,1,48.8059
9,4,1,56.1458
9,4,1,40.5348
9,4,1,49.8868
9,4,1,53.8513
9,4,1,43.5876
9,4,1,27.6947
9,4,1,42.5954
9,4,1,47.6843
9,4,1,49.1522
9,4,1,36.1509
9,4,1,45.316
9,4,1,57.5865
9,5,1,51.9756
9,5,1,36.4293
9,5,1,40.6458
9,5,1,50.9775
9,5,1,57.7145
9,5,1,59.1649
9,5,1,49.9466
9,5,1,45.8063
9,5,1,60.2259
9,5,1,47.7658
9,5,1,42.6739
9,5,1,41.8837
9,5,1,44.635
9,5,1,62.4702
9,5,1,52.5183
9,5,1,41.3716
9,5,1,50.4053
9,5,1,55.2654
9,5,1,52.4655
9,5,1,55.2123
9,5,1,47.162
9,5,1,37.756
9,5,1,50.5783
9,5,1,65.8672
9,5,1,53.7229
9,5,1,37.4391
9,5,1,54.8673
9,5,1,48.8544
9,5,1,47.9074
9,5,1,48.9896
9,5,1,44.5603
9,5,1,52.3203
9,5,1,58.0305
9,5,1,37.0134
9,5,1,53.5982
9,5,1,42.7593
9,5,1,48.7028
9,5,1,50.9188
9,5,1,50.7604
9,5,1,48.7001
9,5,1,41.9045
9,5,1,50.1822
9,5,1,56.505
9,5,1,54.8766
9,5,1,49.6995
9,5,1,40.2942
9,5,1,50.5181
9,5,1,45.474
9,5,1,48.662
9,5,1,44.1422
9,6,1,48.6802
9,6,1,47.8653
9,6,1,43.498
9,6,1,48.8206
9,6,1,39.5582
9,6,1,50.0725
9,6,1,47.608
9,6,1,36.3135
9,6,1,53.8608
9,6,1,56.9849
9,6,1,48.8191
9,6,1,42.3433
9,6,1,48.6393
9,6,1,44.6377
9,6,1,54.4685
9,6,1,30.9428
9,6,1,44.2101
9,6,1,44.2972
9,6,1,37.7146
9,6,1,33.574
9,6,1,37.7667
9,6,1,46.6772
9,6,1,47.2166
9,6,1,59.1684
9,6,1,55.0612
9,6,1,54.5002
9,6,1,58.3351
9,6,1,50.7993
9,6,1,50.1523
9,6,1,63.8121
9,6,1,49.1808
9,6,1,60.7026
9,6,1,46.9283
9,6,1,33.2151
9,6,1,55.1958
9,6,1,36.529
9,6,1,54.264
9,6,1,40.8645
9,6,1,51.2526
9,6,1,59.206
9,6,1,59.248
9,6,1,53.2028
9,6,1,53.0451
9,6,1,36.7173
9,6,1,57.594
9,6,1,45.4005
9,6,1,42.6842
9,6,1,48.0158
9,6,1,47.4006
9,6,1,55.1607
9,7,1,40.3537
9,7,1,50.4841
9,7,1,54.4367
9,7,1,48.9788
9,7,1,48.7204
9,7,1,58.5594
9,7,1,45.8457
9,7,1,36.9961
9,7,1,58.508
9,7,1,61.0612
9,7,1,47.7121
9,7,1,41.9828
9,7,1,62.4963
9,7,1,67.6046
9,7,1,41.4891
9,7,1,41.3438
9,7,1,48.5875
9,7,1,45.714
9,7,1,33.3044
9,7,1,50.6768
9,7,1,46.1744
9,7,1,56.664
9,7,1,66.4978
9,7,1,47.8924
9,7,1,44.247
9,7,1,47.4892
9,7,1,46.5705
9,7,1,37.5172
9,7,1,55.5917
9,7,1,57.7367
9,7,1,43.4228
9,7,1,45.4644
9,7,1,42.1908
9,7,1,56.7773
9,7,1,43.3102
9,7,1,55.0055
9,7,1,49.98
9,7,1,57.5459
9,7,1,52.557
9,7,1,61.8084
9,7,1,48.9201
9,7,1,47.9662
9,7,1,57.7532
9,7,1,45.0356
9,7,1,56.4307
9,7,1,49.9637
9,7,1,42.7542
9,7,1,57.5315
9,7,1,51.1663
9,7,1,63.3384
10,1,0,42.2459
10,1,0,41.5851
10,1,0,39.7968
10,1,0,39.1283
10,1,0,50.9499
10,1,0,55.1272
10,1,0,51.4075
10,1,0,53.2999
10,1,0,54.1924
10,1,0,57.3846
10,1,0,58.9167
10,1,0,44.0046
10,1,0,45.9522
10,1,0,43.1708
10,1,0,50.3745
10,1,0,46.4343
10,1,0,46.7515
10,1,0,52.2201
10,1,0,47.924
10,1,0,45.0317
10,1,0,46.0061
10,1,0,52.9542
10,1,0,54.3114
10,1,0,49.3411
10,1,0,64.8802
10,1,0,49.1437
10,1,0,42.4603
10,1,0,34.5252
10,1,0,53.5107
10,1,0,39.5975
10,1,0,45.947
10,1,0,46.4899
10,1,0,55.9833
10,1,0,51.9392
10,1,0,51.4497
10,1,0,52.2858
10,1,0,54.3244
10,1,0,38.0633
10,1,0,55.7591
10,1,0,50.0959
10,1,0,42.3257
10,1,0,38.1793
10,1,0,31.6035
10,1,0,46.7383
10,1,0,38.6866
10,1,0,44.2727
10,1,0,54.621
10,1,0,42.5907
10,1,0,40.7081
10,1,0,42.5175
10,2,0,53.4422
10,2,0,62.9158
10,2,0,57.7833
10,2,0,59.9135
10,2,0,35.6198
10,2,0,39.7754
10,2,0,48.7655
10,2,0,39.1541
10,2,0,46.7959
10,2,0,47.8984
10,2,0,50.2174
10,2,0,43.8566
10,2,0,56.4411
10,2,0,52.5298
10,2,0,63.2825
10,2,0,55.8133
10,2,0,47.7166
10,2,0,46.6197
10,2,0,45.5251
10,2,0,47.315
10,2,0,46.5415
10,2,0,49.114
10,2,0,41.6074
10,2,0,63.5853
10,2,0,53.1715
10,2,0,57.4588
10,2,0,63.1875
10,2,0,42.1012
10,2,0,63.8606
10,2,0,40.723
10,2,0,51.0238
10,2,0,56.3957
10,2,0,49.5362
10,2,0,53.3046
10,2,0,56.7252
10,2,0,54.5041
10,2,0,40.4844
10,2,0,56.5791
10,2,0,57.6037
10,2,0,38.8144
10,2,0,42.2296
10,2,0,47.349
10,2,0,42.6079
10,2,0,37.2095
10,2,0,51.8443
10,2,0,67.2781
10,2,0,38.1958
10,2,0,42.1103
10,2,0,45.9779
10,2,0,50.6841
10,3,0,48.5864
10,3,0,51.3852
10,3,0,53.71
10,3,0,27.4596
10,3,0,51.9951
10,3,0,49.9031
10,3,0,49.4356
10,3,0,50.6358
10,3,0,56.6842
10,3,0,51.978
10,3,0,43.7679
10,3,0,55.0382
10,3,0,48.6357
10,3,0,49.0543
10,3,0,45.0694
10,3,0,45.412
10,3,0,58.5762
10,3,0,57.1112
10,3,0,64.5261
10,3,0,39.1242
10,3,0,47.7684
10,3,0,40.7246
10,3,0,47.6296
10,3,0,58.7769
10,3,0,37.9822
10,3,0,37.2588
10,3,0,66.3538
10,3,0,51.2759
10,3,0,47.0351
10,3,0,53.7745
10,3,0,49.6437
10,3,0,49.7958
10,3,0,51.4416
10,3,0,48.3474
10,3,0,40.0176
10,3,0,55.3525
10,3,0,53.0026
10,3,0,45.6005
10,3,0,41.6513
10,3,0,63.8013
10,3,0,43.404
10,3,0,48.1189
10,3,0,55.4201
10,3,0,50.9367
10,3,0,40.2241
10,3,0,61.1737
10,3,0,49.415
10,3,0,41.5731
10,3,0,37.0306
10,3,0,36.7826
10,4,0,46.5546
10,4,0,46.0804
10,4,0,46.0186
10,4,0,52.4648
10,4,0,58.7416
10,4,0,47.7563
10,4,0,47.5266
10,4,0,37.1414
10,4,0,45.5811
10,4,0,63.1301
10,4,0,51.7886
10,4,0,54.4608
10,4,0,44.7254
10,4,0,67.8315
10,4,0,59.2085
10,4,0,50.8296
10,4,0,51.6673
10,4,0,56.4509
10,4,0,46.7919
10,4,0,52.6056
10,4,0,53.1032
10,4,0,41.7541
10,4,0,76.3574
10,4,0,49.8826
10,4,0,51.0078
10,4,0,57.2473
10,4,0,49.3408
10,4,0,41.047
10,4,0,45.9294
10,4,0,42.5192
10,4,0,58.0837
10,4,0,55.7733
10,4,0,47.2122
10,4,0,42.9985
10,4,0,50.039
10,4,0,58.3824
10,4,0,39.7002
10,4,0,45.3879
10,4,0,54.8848
10,4,0,45.1944
10,4,0,52.9926
10,4,0,54.2212
10,4,0,54.1564
10,4,0,53.1289
10,4,0,50.5037
10,4,0,54.8324
10,4,0,32.125
10,4,0,43.8972
10,4,0,52.113
10,4,0,53.4603
10,5,0,57.0989
10,5,0,55.5827
10,5,0,60.6512
10,5,0,40.8801
10,5,0,41.5329
10,5,0,47.874
10,5,0,56.128
10,5,0,44.8624
10,5,0,48.0817
10,5,0,49.6935
10,5,0,42.7858
10,5,0,57.2659
10,5,0,59.8981
10,5,0,62.4371
10,5,0,72.3005
10,5,0,41.7307
10,5,0,42.514
10,5,0,56.9658
10,5,0,57.0411
10,5,0,45.036
10,5,0,59.0166
10,5,0,49.6137
10,5,0,42.1737
10,5,0,36.3983
10,5,0,53.4521
10,5,0,70.1303
10,5,0,54.1599
10,5,0,46.3324
10,5,0,43.0703
10,5,0,57.3503
10,5,0,50.8148
10,5,0,52.5585
10,5,0,57.9063
10,5,0,53.3899
10,5,0,60.6227
10,5,0,62.895
10,5,0,42.3349
10,5,0,46.5604
10,5,0,65.1256
10,5,0,46.7515
10,5,0,45.8258
10,5,0,68.7594
10,5,0,53.9771
10,5,0,57.9418
10,5,0,53.9595
10,5,0,67.2656
10,5,0,46.1007
10,5,0,54.8726
10,5,0,61.9669
10,5,0,59.3783
10,6,1,52.7119
10,6,1,46.2728
10,6,1,54.5635
10,6,1,60.3532
10,6,1,52.5172
10,6,1,46.7469
10,6,1,45.1449
10,6,1,42.3619
10,6,1,59.699
10,6,1,47.4868
10,6,1,44.3022
10,6,1,49.4319
10,6,1,46.8634
10,6,1,49.941
10,6,1,68.4138
10,6,1,52.1271
10,6,1,52.3549
10,6,1,54.4018
10,6,1,47.5157
10,6,1,37.7418
10,6,1,56.4903
10,6,1,61.5167
10,6,1,43.2602
10,6,1,36.7081
10,6,1,50.7098
10,6,1,50.2032
10,6,1,48.7616
10,6,1,46.0771
10,6,1,64.3709
10,6,1,60.5558
10,6,1,48.195
10,6,1,59.1148
10,6,1,61.3644
10,6,1,39.6996
10,6,1,44.288
10,6,1,50.027
10,6,1,50.3569
10,6,1,59.1954
10,6,1,45.3393
10,6,1,48.2228
10,6,1,63.4239
10,6,1,42.0267
10,6,1,54.2192
10,6,1,61.5476
10,6,1,38.2028
10,6,1,47.5247
10,6,1,49.1301
10,6,1,43.1496
10,6,1,52.9175
10,6,1,42.6381
10,7,1,70.4086
10,7,1,41.5665
10,7,1,61.0738
10,7,1,55.7891
10,7,1,39.8708
10,7,1,62.5174
10,7,1,51.39
10,7,1,55.5708
10,7,1,59.5529
10,7,1,42.0307
10,7,1,39.1249
10,7,1,75.9838
10,7,1,67.1254
10,7,1,57.8478
10,7,1,54.4328
10,7,1,55.8527
10,7,1,59.6427
10,7,1,58.1262
10,7,1,48.3219
10,7,1,44.6458
10,7,1,41.7402
10,7,1,40.5411
10,7,1,53.4333
10,7,1,63.3093
10,7,1,56.7054
10,7,1,52.333
10,7,1,50.4308
10,7,1,56.0914
10,7,1,49.3402
10,7,1,59.2598
10,7,1,48.3254
10,7,1,46.774
10,7,1,66.4741
10,7,1,53.5379
10,7,1,56.5788
10,7,1,38.2381
10,7,1,54.5086
10,7,1,50.9081
10,7,1,59.788
10,7,1,53.8336
10,7,1,52.623
10,7,1,56.8191
10,7,1,61.402
10,7,1,58.988
10,7,1,55.2531
10,7,1,52.6107
10,7,1,64.9857
10,7,1,49.8923
10,7,1,54.5988
10,7,1,64.2217
11,1,0,45.3315
11,1,0,54.0972
11,1,0,50.6163
11,1,0,58.8639
11,1,0,40.5224
11,1,0,46.3
11,1,0,44.2362
11,1,0,42.2364
11,1,0,34.1252
11,1,0,41.7753
11,1,0,29.6459
11,1,0,50.2691
11,1,0,49.2974
11,1,0,41.7228
11,1,0,41.9609
11,1,0,49.8399
11,1,0,55.757
11,1,0,62.1158
11,1,0,43.5822
11,1,0,51.6537
11,1,0,39.8931
11,1,0,29.0068
11,1,0,54.6172
11,1,0,42.6185
11,1,0,47.498
11,1,0,34.4385
11,1,0,51.1707
11,1,0,54.3121
11,1,0,51.8853
11,1,0,54.0564
11,1,0,54.0973
11,1,0,43.6236
11,1,0,52.0764
11,1,0,48.8985
11,1,0,41.4174
11,1,0,41.041
11,1,0,37.1587
11,1,0,47.5775
11,1,0,48.5915
11,1,0,57.9891
11,1,0,35.8157
11,1,0,50.5228
11,1,0,46.9861
11,1,0,57.5556
11,1,0,53.5525
11,1,0,44.6841
11,1,0,56.9247
11,1,0,35.1988
11,1,0,48.1105
11,1,0,44.618
11,2,1,47.1486
11,2,1,38.3164
11,2,1,44.8834
11,2,1,44.5212
11,2,1,38.2838
11,2,1,47.782
11,2,1,34.0698
11,2,1,32.6809
11,2,1,49.855
11,2,1,46.3835
11,2,1,51.3989
11,2,1,36.0494
11,2,1,45.5911
11,2,1,48.6053
11,2,1,38.596
11,2,1,47.1148
11,2,1,50.9665
11,2,1,37.5962
11,2,1,38.2277
11,2,1,51.8606
11,2,1,56.8406
11,2,1,61.397
11,2,1,39.1907
11,2,1,41.666
11,2,1,39.5465
11,2,1,39.2578
11,2,1,41.8289
11,2,1,43.9805
11,2,1,44.7377
11,2,1,29.6256
11,2,1,42.3306
11,2,1,48.2857
11,2,1,48.3575
11,2,1,54.8004
11,2,1,31.4125
11,2,1,53.343
11,2,1,42.8114
11,2,1,51.4904
11,2,1,49.2588
11,2,1,39.6836
11,2,1,42.0073
11,2,1,45.0888
11,2,1,36.0216
11,2,1,51.6529
11,2,1,48.5454
11,2,1,32.7915
11,2,1,46.239
11,2,1,42.9177
11,2,1,57.7696
11,2,1,37.28
11,3,1,44.3319
11,3,1,37.2388
11,3,1,49.5893
11,3,1,36.7263
11,3,1,49.9291
11,3,1,38.7112
11,3,1,40.2424
11,3,1,49.8061
11,3,1,46.4419
11,3,1,39.0083
11,3,1,53.6522
11,3,1,19.4565
11,3,1,38.7458
11,3,1,46.617
11,3,1,47.7111
11,3,1,50.3439
11,3,1,39.6835
11,3,1,42.0215
11,3,1,50.3406
11,3,1,48.6622
11,3,1,45.8919
11,3,1,47.8054
11,3,1,49.3613
11,3,1,51.0795
11,3,1,47.6732
11,3,1,52.5907
11,3,1,34.4917
11,3,1,36.2205
11,3,1,62.2976
11,3,1,55.009
11,3,1,29.4111
11,3,1,38.2026
11,3,1,49.7203
11,3,1,50.1909
11,3,1,36.5309
11,3,1,22.9101
11,3,1,43.1689
11,3,1,46.6186
11,3,1,49.8023
11,3,1,51.6099
11,3,1,44.4123
11,3,1,51.0335
11,3,1,44.6564
11,3,1,48.262
11,3,1,58.4975
11,3,1,47.7956
11,3,1,48.5697
11,3,1,44.5971
11,3,1,39.9187
11,3,1,37.3728
11,4,1,58.4447
11,4,1,43.7762
11,4,1,44.9362
11,4,1,39.8295
11,4,1,56.1478
11,4,1,47.4393
11,4,1,40.5041
11,4,1,63.7773
11,4,1,52.5241
11,4,1,56.4702
11,4,1,39.4617
11,4,1,38.9166
11,4,1,44.2471
11,4,1,52.2575
11,4,1,55.6442
11,4,1,41.8895
11,4,1,43.282
11,4,1,49.2221
11,4,1,34.2293
11,4,1,47.8757
11,4,1,50.9632
11,4,1,56.0148
11,4,1,56.5403
11,4,1,46.4547
11,4,1,46.7482
11,4,1,56.0685
11,4,1,44.5909
11,4,1,45.9127
11,4,1,49.6204
11,4,1,46.6355
11,4,1,41.1431
11,4,1,46.6847
11,4,1,57.5441
11,4,1,62.5163
11,4,1,64.6778
11,4,1,49.685
11,4,1,51.1466
11,4,1,49.2687
11,4,1,46.2841
11,4,1,39.7764
11,4,1,34.0736
11,4,1,45.4471
11,4,1,51.0699
11,4,1,32.6394
11,4,1,46.4869
11,4,1,59.8901
11,4,1,54.277
11,4,1,37.9361
11,4,1,50.2766
11,4,1,43.7759
11,5,1,42.2678
11,5,1,36.5122
11,5,1,47.3491
11,5,1,52.782
11,5,1,58.1747
11,5,1,47.0093
11,5,1,62.3098
11,5,1,43.0387
11,5,1,53.373
11,5,1,25.9331
11,5,1,45.4319
11,5,1,36.0971
11,5,1,48.8304
11,5,1,47.9164
11,5,1,39.3379
11,5,1,45.4327
11,5,1,49.2526
11,5,1,47.3377
11,5,1,50.0604
11,5,1,34.3655
11,5,1,55.93
11,5,1,46.0031
11,5,1,51.1086
11,5,1,50.3122
11,5,1,57.6091
11,5,1,46.3132
11,5,1,47.0258
11,5,1,45.9586
11,5,1,40.4569
11,5,1,35.8838
11,5,1,36.0616
11,5,1,63.7034
11,5,1,36.7807
11,5,1,64.0554
11,5,1,52.1685
11,5,1,40.1814
11,5,1,46.0653
11,5,1,42.1515
11,5,1,56.1038
11,5,1,50.3303
11,5,1,36.8357
11,5,1,41.8908
11,5,1,44.6753
11,5,1,52.1349
11,5,1,46.8655
11,5,1,44.6636
11,5,1,51.6847
11,5,1,51.5651
11,5,1,55.0167
11,5,1,37.1021
11,6,1,63.2552
11,6,1,42.7533
11,6,1,41.466
11,6,1,40.359
11,6,1,48.9425
11,6,1,48.1575
11,6,1,42.2519
11,6,1,41.901
11,6,1,57.8342
11,6,1,42.6076
11,6,1,41.9237
11,6,1,43.4611
11,6,1,54.5013
11,6,1,55.8042
11,6,1,51.2334
11,6,1,54.6795
11,6,1,44.3175
11,6,1,50.3929
11,6,1,50.041
11,6,1,41.3899
11,6,1,39.719
11,6,1,39.0481
11,6,1,54.3371
11,6,1,53.1939
11,6,1,60.4353
11,6,1,61.2775
11,6,1,48.8296
11,6,1,58.4864
11,6,1,61.1404
11,6,1,58.528
11,6,1,49.9568
11,6,1,53.2456
11,6,1,61.5619
11,6,1,44.6559
11,6,1,33.6125
11,6,1,53.5928
11,6,1,47.7941
11,6,1,40.1376
11,6,1,50.7414
11,6,1,55.3522
11,6,1,47.0634
11,6,1,42.3019
11,6,1,53.0624
11,6,1,58.5206
11,6,1,41.1699
11,6,1,54.356
11,6,1,59.2585
11,6,1,51.8539
11,6,1,48.3166
11,6,1,51.6952
11,7,1,57.0501
11,7,1,35.8003
11,7,1,54.5466
11,7,1,53.3426
11,7,1,43.8643
11,7,1,53.7793
11,7,1,54.4105
11,7,1,50.9936
11,7,1,51.5031
11,7,1,43.2276
11,7,1,49.6908
11,7,1,59.0041
11,7,1,41.1343
11,7,1,66.8201
11,7,1,50.336
11,7,1,58.0523
11,7,1,54.8417
11,7,1,52.1194
11,7,1,38.4581
11,7,1,45.1406
11,7,1,43.9868
11,7,1,49.3785
11,7,1,51.5052
11,7,1,36.2404
11,7,1,58.5019
11,7,1,40.8842
11,7,1,45.8406
11,7,1,44.4211
11,7,1,52.4234
11,7,1,47.8708
11,7,1,37.9023
11,7,1,56.1602
11,7,1,43.3217
11,7,1,38.0279
11,7,1,52.8214
11,7,1,51.8896
11,7,1,53.5674
11,7,1,57.1222
11,7,1,45.6642
11,7,1,53.9226
11,7,1,40.0715
11,7,1,43.9543
11,7,1,52.4622
11,7,1,39.7231
11,7,1,56.411
11,7,1,53.8708
11,7,1,52.9213
11,7,1,57.1868
11,7,1,50.5932
11,7,1,43.2953
12,1,0,57.2068
12,1,0,50.0772
12,1,0,46.2866
12,1,0,47.0511
12,1,0,53.7027
12,1,0,43.4187
12,1,0,43.6045
12,1,0,41.3765
12,1,0,46.1256
12,1,0,54.7649
12,1,0,53.8034
12,1,0,48.5947
12,1,0,39.7163
12,1,0,39.8049
12,1,0,42.8938
12,1,0,47.7363
12,1,0,34.2753
12,1,0,54.3863
12,1,0,47.962
12,1,0,55.1126
12,1,0,60.963
12,1,0,57.9727
12,1,0,41.0623
12,1,0,38.2721
12,1,0,53.1713
12,1,0,41.3844
12,1,0,48.1532
12,1,0,54.3924
12,1,0,46.6681
12,1,0,47.0003
12,1,0,62.937
12,1,0,49.6163
12,1,0,50.7154
12,1,0,42.8804
12,1,0,42.1242
12,1,0,55.5356
12,1,0,47.0037
12,1,0,40.1026
12,1,0,42.2974
12,1,0,58.3766
12,1,0,38.032
12,1,0,48.7107
12,1,0,53.2521
12,1,0,65.9401
12,1,0,48.423
12,1,0,49.8133
12,1,0,52.0256
12,1,0,48.8734
12,1,0,42.1508
12,1,0,63.8236
12,2,0,54.89
12,2,0,46.9098
12,2,0,49.2586
12,2,0,55.3231
12,2,0,42.7355
12,2,0,32.5547
12,2,0,50.6748
12,2,0,56.5788
12,2,0,57.6064
12,2,0,33.9687
12,2,0,43.2773
12,2,0,45.4933
12,2,0,58.1449
12,2,0,49.7832
12,2,0,68.0882
12,2,0,48.7073
12,2,0,39.0808
12,2,0,49.0576
12,2,0,48.0707
12,2,0,38.8669
12,2,0,47.2713
12,2,0,48.6816
12,2,0,41.6364
12,2,0,52.0424
12,2,0,51.9901
12,2,0,58.563
12,2,0,58.4118
12,2,0,59.7705
12,2,0,37.6242
12,2,0,52.0685
12,2,0,50.056
12,2,0,50.468
12,2,0,59.3095
12,2,0,55.8484
12,2,0,54.2059
12,2,0,47.9208
12,2,0,58.7994
12,2,0,48.3112
12,2,0,42.5848
12,2,0,44.6629
12,2,0,53.2414
12,2,0,49.1747
12,2,0,28.8149
12,2,0,42.5748
12,2,0,41.0747
12,2,0,40.1848
12,2,0,47.1259
12,2,0,51.0871
12,2,0,43.6134
12,2,0,56.7867
12,3,0,47.5303
12,3,0,75.1471
12,3,0,50.7188
12,3,0,46.3712
12,3,0,68.7836
12,3,0,49.6928
12,3,0,48.7445
12,3,0,65.4935
12,3,0,65.0649
12,3,0,51.7309
12,3,0,33.0868
12,3,0,61.9947
12,3,0,48.1783
12,3,0,50.8771
12,3,0,51.2438
12,3,0,39.393
12,3,0,69.8879
12,3,0,52.2609
12,3,0,53.0768
12,3,0,51.2426
12,3,0,33.7039
12,3,0,46.0997
12,3,0,38.502
12,3,0,43.2785
12,3,0,29.4199
12,3,0,42.9979
12,3,0,57.9937
12,3,0,44.1008
12,3,0,39.149
12,3,0,53.0292
12,3,0,46.4914
12,3,0,59.3992
12,3,0,51.2338
12,3,0,56.1731
12,3,0,40.7106
12,3,0,60.8253
12,3,0,39.5954
12,3,0,61.5783
12,3,0,35.275
12,3,0,50.7451
12,3,0,52.3841
12,3,0,41.8727
12,3,0,39.0028
12,3,0,53.0584
12,3,0,33.4897
12,3,0,65.6475
12,3,0,53.4701
12,3,0,52.1621
12,3,0,57.5521
12,3,0,52.5092
12,4,0,44.1154
12,4,0,50.6884
12,4,0,44.6288
12,4,0,43.9451
12,4,0,44.575
12,4,0,64.8416
12,4,0,48.3223
12,4,0,60.2351
12,4,0,58.804
12,4,0,37.6146
12,4,0,46.1359
12,4,0,52.9852
12,4,0,46.043
12,4,0,41.6755
12,4,0,55.8578
12,4,0,46.9322
12,4,0,44.6312
12,4,0,55.8575
12,4,0,48.494
12,4,0,47.9593
12,4,0,49.6797
12,4,0,28.9769
12,4,0,49.5954
12,4,0,52.8645
12,4,0,51.9771
12,4,0,32.8853
12,4,0,69.3396
12,4,0,59.2715
12,4,0,61.4102
12,4,0,53.4382
12,4,0,41.1669
12,4,0,54.3111
12,4,0,41.5847
12,4,0,55.1929
12,4,0,41.0431
12,4,0,52.2921
12,4,0,66.4786
12,4,0,50.8684
12,4,0,47.9742
12,4,0,36.1582
12,4,0,63.4898
12,4,0,48.9324
12,4,0,43.0675
12,4,0,58.9264
12,4,0,64.6899
12,4,0,47.9017
12,4,0,55.4263
12,4,0,48.5222
12,4,0,52.9469
12,4,0,46.7708
12,5,0,49.9464
12,5,0,55.1387
12,5,0,64.9098
12,5,0,48.7215
12,5,0,49.1896
12,5,0,38.3129
12,5,0,43.9621
12,5,0,60.5685
12,5,0,55.2442
12,5,0,30.0667
12,5,0,40.2829
12,5,0,52.8337
12,5,0,49.9111
12,5,0,51.9766
12,5,0,54.0704
12,5,0,63.9008
12,5,0,50.468
12,5,0,39.3548
12,5,0,54.974
12,5,0,57.3845
12,5,0,56.4761
12,5,0,68.7753
12,5,0,43.1363
12,5,0,60.058
12,5,0,53.1761
12,5,0,60.3604
12,5,0,57.058
12,5,0,56.3894
12,5,0,61.2765
12,5,0,48.8817
12,5,0,40.1172
12,5,0,66.9933
12,5,0,56.6381
12,5,0,42.2306
12,5,0,51.1063
12,5,0,66.1292
12,5,0,51.9208
12,5,0,42.4416
12,5,0,41.8011
12,5,0,45.5958
12,5,0,63.3252
12,5,0,61.2794
12,5,0,53.5402
12,5,0,50.7588
12,5,0,49.267
12,5,0,46.9012
12,5,0,52.7948
12,5,0,40.281
12,5,0,54.8092
12,5,0,47.4294
12,6,0,49.3577
12,6,0,47.1283
12,6,0,54.4373
12,6,0,58.2852
12,6,0,53.374
12,6,0,72.6556
12,6,0,54.5489
12,6,0,43.7167
12,6,0,59.4817
12,6,0,38.8878
12,6,0,50.4872
12,6,0,45.0663
12,6,0,46.4021
12,6,0,65.4595
12,6,0,54.9489
12,6,0,60.548
12,6,0,50.4289
12,6,0,44.1211
12,6,0,65.6599
12,6,0,47.665
12,6,0,54.2725
12,6,0,59.9388
12,6,0,51.0412
12,6,0,63.6922
12,6,0,47.5121
12,6,0,46.3765
12,6,0,56.1229
12,6,0,55.2297
12,6,0,52.6684
12,6,0,55.6079
12,6,0,56.1711
12,6,0,50.9379
12,6,0,54.6984
12,6,0,43.6162
12,6,0,41.3643
12,6,0,59.3903
12,6,0,48.7088
12,6,0,71.6859
12,6,0,55.6368
12,6,0,60.6085
12,6,0,48.6157
12,6,0,56.6324
12,6,0,43.3728
12,6,0,44.1441
12,6,0,32.7886
12,6,0,43.5844
12,6,0,63.1539
12,6,0,55.0733
12,6,0,56.826
12,6,0,45.373
12,7,1,64.6591
12,7,1,34.1258
12,7,1,56.0202
12,7,1,50.3965
12,7,1,48.8297
12,7,1,63.2556
12,7,1,42.4465
12,7,1,38.9766
12,7,1,47.0743
12,7,1,54.9888
12,7,1,50.0959
12,7,1,61.283
12,7,1,56.5199
12,7,1,59.8224
12,7,1,57.0306
12,7,1,50.8565
12,7,1,51.4383
12,7,1,42.1212
12,7,1,44.154
12,7,1,33.4808
12,7,1,52.4624
12,7,1,56.6165
12,7,1,47.279
12,7,1,48.0421
12,7,1,53.5321
12,7,1,41.469
12,7,1,49.4102
12,7,1,51.0544
12,7,1,61.9256
12,7,1,54.5499
12,7,1,54.3466
12,7,1,65.2419
12,7,1,54.4569
12,7,1,53.2664
12,7,1,46.1619
12,7,1,44.9616
12,7,1,40.5488
12,7,1,74.0622
12,7,1,53.7718
12,7,1,71.5528
12,7,1,47.468
12,7,1,50.5728
12,7,1,69.9392
12,7,1,38.6749
12,7,1,53.3662
12,7,1,45.6106
12,7,1,56.5868
12,7,1,51.6239
12,7,1,52.4264
12,7,1,54.9791
