id,lp,event
1,0.26911,0
2,-1.337521,0
3,-1.187766,0
4,-2.6418,0
5,-4.11982,0
6,-3.777568,0
7,-0.757812,0
8,-1.408605,0
9,0.320505,1
10,0.131801,1
11,-2.097293,1
12,-1.834221,0
13,-3.33162,0
14,-0.209561,1
15,-1.946378,0
16,1.772744,1
17,0.505096,0
18,-1.376164,0
19,-0.323762,0
20,0.02587,1
21,-1.313128,0
22,-1.932594,0
23,-1.75037,0
24,-1.349986,1
25,-2.606414,0
26,-2.353103,0
27,-0.600193,0
28,0.319667,1
29,-2.008627,0
30,-1.936268,0
31,-0.615969,0
32,0.58873,1
33,-0.597157,0
34,-3.075259,1
35,1.169143,1
36,0.298925,1
37,-1.604873,0
38,0.736714,0
39,0.331312,0
40,0.101821,0
41,0.42604,1
42,-1.430085,0
43,-0.341125,1
44,-1.473298,0
45,-1.141438,0
46,-1.525541,0
47,-1.558168,0
48,-1.649553,0
49,0.167127,0
50,-1.220771,0
51,-1.034796,0
52,-0.817215,0
53,-1.496354,0
54,-0.700517,0
55,-1.774279,0
56,-2.216097,0
57,-1.499556,1
58,-0.988239,0
59,-0.974541,0
60,-2.695438,0
61,0.448248,0
62,-2.087356,1
63,-3.674419,0
64,2.225732,0
65,-0.321346,0
66,-0.017205,0
67,-0.182737,1
68,0.727661,1
69,-2.079232,1
70,-1.0932,0
71,-3.699623,0
72,-1.371283,0
73,-2.541007,0
74,-1.815677,0
75,-0.754565,0
76,-0.677744,0
77,-2.012811,0
78,0.393472,0
79,-2.609961,1
80,-0.968071,0
81,-0.735324,1
82,-2.782062,0
83,-3.373697,0
84,-0.089384,0
85,-0.205033,0
86,-0.226666,0
87,-0.564039,0
88,0.410462,0
89,-3.437751,0
90,-0.958639,0
91,-1.575852,0
92,-1.535532,0
93,-4.323693,0
94,-0.411214,0
95,-0.072022,0
96,-1.238693,0
97,-0.520783,0
98,-0.477038,0
99,-0.405954,0
100,-0.423938,0
101,1.704823,0
102,0.160729,0
103,0.507772,1
104,-0.329291,0
105,-2.619179,0
106,-3.137142,0
107,-1.352408,0
108,-0.568874,0
109,-0.959281,0
110,-1.308462,0
111,-2.233444,0
112,-0.732238,0
113,-2.074315,1
114,-2.785973,0
115,0.662894,1
116,-0.494887,0
117,-1.503595,0
118,-1.778225,0
119,-2.624754,0
120,-1.563349,1
121,-0.726497,0
122,-2.73933,0
123,1.705367,1
124,1.645501,0
125,-3.370739,0
126,-2.393874,0
127,-2.07804,1
128,0.248854,0
129,-0.516758,0
130,0.409991,0
131,-1.555789,0
132,1.004091,0
133,-2.821073,0
134,-0.853766,0
135,-1.230965,0
136,-2.722625,0
137,-0.770537,0
138,-1.401035,0
139,-0.037212,0
140,-3.475943,0
141,-2.346454,0
142,-0.340444,0
143,-2.452692,0
144,-1.291219,0
145,1.128695,0
146,-0.721627,0
147,0.187576,0
148,-0.70235,1
149,-3.910407,0
150,-1.762381,0
151,1.647468,1
152,-0.967661,0
153,0.213077,0
154,-2.700812,0
155,-1.847642,0
156,1.054316,1
157,-0.774338,0
158,-0.991823,1
159,2.589706,1
160,0.946552,0
161,-1.31517,0
162,-1.760729,0
163,-1.818696,0
164,-2.677157,0
165,-0.989428,0
166,-1.673701,0
167,-2.584394,0
168,-3.199328,0
169,0.883151,0
170,-3.661495,0
171,-0.085118,0
172,-2.13501,0
173,-0.224639,0
174,0.881744,1
175,-2.23328,0
176,-2.614907,0
177,-0.401995,1
178,-2.088293,0
179,-1.483697,0
180,-0.246067,0
181,-1.69249,0
182,-0.930673,0
183,0.488729,1
184,0.439646,1
185,0.2262,1
186,1.537262,0
187,-2.294091,0
188,2.584314,1
189,-1.836936,1
190,0.046309,0
191,-1.153369,0
192,-1.358876,0
193,-0.783193,0
194,-0.618007,0
195,-1.731398,0
196,1.998947,0
197,0.813894,1
198,-1.292746,0
199,-0.608774,0
200,-0.920841,0
201,-0.772603,0
202,-0.266076,0
203,-2.354505,0
204,-2.988531,0
205,-4.264195,0
206,-3.001229,0
207,-2.163394,0
208,-0.697598,0
209,-0.13049,0
210,-0.347941,0
211,-0.534252,0
212,-0.732127,0
213,-1.976063,0
214,1.620062,1
215,-0.890079,1
216,1.31365,1
217,1.15645,1
218,-1.624532,0
219,-2.002707,0
220,-2.450186,0
221,-1.187416,0
222,-1.847635,0
223,-1.289251,1
224,-1.416318,0
225,-2.50262,0
226,-3.592123,0
227,-0.407054,1
228,-2.118699,0
229,-1.682104,0
230,-1.744298,0
231,-0.038429,0
232,-0.437214,0
233,-3.679762,0
234,-2.259673,0
235,-3.757163,0
236,-1.38423,0
237,-1.374617,0
238,-2.217842,0
239,-1.483024,1
240,1.010528,1
241,-0.502134,0
242,-0.284002,0
243,-0.222714,0
244,-1.599706,1
245,-2.815205,0
246,-0.766256,0
247,-2.439497,0
248,-1.097684,0
249,-0.296441,0
250,-1.749202,0
251,-2.729827,0
252,-2.554121,0
253,-2.708983,0
254,-0.570486,0
255,1.59502,1
256,-3.77639,0
257,-1.290545,1
258,-0.126651,0
259,-4.009952,0
260,-0.45228,0
261,0.704034,0
262,-1.398996,0
263,-2.401177,1
264,-0.941974,0
265,0.897248,0
266,2.033047,1
267,-1.223847,0
268,-0.996936,0
269,-0.919672,0
270,-1.032213,1
271,-1.081298,0
272,-1.894656,0
273,-2.508882,0
274,-0.330739,0
275,-1.661981,0
276,0.744902,0
277,-2.308619,0
278,0.578375,0
279,-2.406248,0
280,2.188948,0
281,-0.994559,1
282,-0.358238,1
283,-2.07776,1
284,-2.460691,1
285,-1.323786,1
286,-4.697643,0
287,-1.898137,0
288,-1.905187,0
289,0.085785,0
290,-1.265794,0
291,-1.270118,1
292,-3.879554,0
293,-0.54106,0
294,-2.317919,0
295,-1.066546,0
296,1.932466,0
297,-0.75538,1
298,-0.225421,0
299,-0.866434,0
300,1.111763,1
301,-1.537532,0
302,-0.783884,0
303,-2.219336,0
304,-0.947044,0
305,0.192731,0
306,-2.847935,0
307,-1.101979,0
308,-1.032151,1
309,-2.562341,0
310,-3.317314,0
311,0.872748,1
312,-3.748305,0
313,-2.269952,0
314,-0.602259,0
315,-0.281636,0
316,-1.534006,1
317,-2.715035,1
318,-0.303795,1
319,-0.513347,0
320,-2.146507,0
321,-2.933043,0
322,-0.174266,0
323,-0.260477,0
324,-0.168409,1
325,0.426523,0
326,-1.100178,1
327,-0.873124,0
328,0.693104,0
329,-1.760458,0
330,-0.254884,0
331,-0.284961,0
332,-1.836144,0
333,-3.460428,0
334,-0.452773,0
335,-0.78165,0
336,-1.605275,0
337,-0.03457,0
338,-2.020819,0
339,-2.041357,0
340,0.172627,0
341,-0.284094,0
342,-1.30201,0
343,-2.645407,0
344,-1.344717,0
345,-1.056122,0
346,-3.52389,0
347,-0.482701,1
348,-2.013208,0
349,-1.306608,0
350,-3.471432,0
351,0.75743,1
352,1.263674,1
353,-0.956148,1
354,0.842309,0
355,-1.701814,0
356,1.116866,0
357,1.059023,1
358,-4.814332,0
359,0.820937,0
360,0.960671,0
361,-0.554187,1
362,-1.384706,0
363,-0.208222,1
364,-2.582185,0
365,-3.206523,0
366,0.511687,0
367,-0.763032,0
368,-1.650152,0
369,-1.962669,0
370,-0.568096,0
371,-2.346851,0
372,2.597717,1
373,-0.294652,0
374,-0.340891,0
375,-2.430581,0
376,-3.622397,0
377,-1.233135,0
378,-3.506354,0
379,-1.812634,0
380,-1.718312,0
381,-0.882289,0
382,0.157836,1
383,-3.057484,0
384,0.464479,0
385,-3.130917,0
386,-4.553968,0
387,0.710929,0
388,-0.231455,0
389,-2.244884,0
390,-2.689304,0
391,-2.281039,0
392,0.727436,1
393,-0.658094,0
394,0.791175,0
395,-2.188369,0
396,-0.44547,0
397,-0.021942,0
398,1.232901,1
399,-2.249028,0
400,-1.836517,0
401,-1.782383,0
402,-1.8014,0
403,-0.1238,0
404,-1.786727,0
405,-0.030839,0
406,-1.78381,0
407,0.224799,0
408,-2.132695,0
409,-1.99574,1
410,-0.011045,0
411,-1.756516,1
412,-0.680677,0
413,-0.221784,1
414,1.158642,1
415,-0.196232,0
416,-0.237979,0
417,-0.501607,0
418,-0.591308,0
419,-2.491856,0
420,-1.368426,0
421,-0.267443,0
422,0.984255,0
423,0.58374,1
424,-0.352373,0
425,-3.37596,0
426,-0.725066,1
427,0.13428,0
428,-2.246521,0
429,0.394502,0
430,-1.971022,0
431,-0.623216,0
432,0.983074,0
433,-1.943384,0
434,-1.623673,0
435,-0.910602,0
436,0.221999,0
437,1.478673,0
438,0.957763,0
439,-2.886805,0
440,-2.168924,0
441,1.501495,1
442,-2.790671,0
443,-0.138207,0
444,-2.050773,0
445,0.065519,1
446,-0.346195,0
447,2.509938,1
448,0.12011,1
449,-1.814375,0
450,-0.426511,1
451,-2.863125,0
452,0.012942,0
453,1.874915,1
454,0.500175,0
455,-0.276003,0
456,-2.137861,0
457,-1.184491,0
458,0.316287,1
459,-0.282586,0
460,0.954495,0
461,0.501259,1
462,-1.366824,0
463,-0.723381,1
464,-1.460301,0
465,0.211771,1
466,0.163803,0
467,0.01047,1
468,-1.639482,0
469,1.276427,1
470,-0.426042,0
471,-0.73014,1
472,-0.171403,0
473,1.090201,0
474,-1.411237,0
475,-2.357455,0
476,-1.086727,0
477,-0.876551,0
478,1.097808,1
479,0.201488,1
480,-2.908228,0
481,2.281139,1
482,0.219575,1
483,1.035372,1
484,0.520432,0
485,-0.581117,0
486,-1.878152,0
487,-0.653941,0
488,-0.905819,0
489,1.732325,1
490,-0.308882,1
491,-1.841751,0
492,-0.682351,0
493,-1.330691,0
494,0.011047,0
495,1.481413,1
496,-1.608875,0
497,0.304633,0
498,-1.537893,1
499,1.424677,0
500,1.179933,1
501,-2.105597,1
502,-2.264286,0
503,-0.723867,0
504,-1.460207,0
505,-1.570248,0
506,-0.089738,0
507,-1.600804,0
508,-1.686333,0
509,0.193013,1
510,-3.086663,0
511,-0.266347,0
512,-2.443442,0
513,-1.911704,0
514,-0.673381,0
515,-2.266248,0
516,-0.270165,0
517,-1.993433,0
518,0.739281,0
519,-3.214294,0
520,-2.15674,0
521,0.733315,1
522,-0.469287,1
523,-1.500773,0
524,0.528026,1
525,-1.743347,0
526,0.113602,0
527,-0.993949,0
528,-0.605922,0
529,0.560918,0
530,-0.468776,1
531,-3.565772,0
532,-3.974206,0
533,-2.458198,0
534,-1.683921,0
535,0.807338,0
536,-1.294647,0
537,-3.853055,0
538,-1.328828,0
539,-3.1048,0
540,-2.948318,0
541,0.741407,0
542,2.313211,0
543,-2.275764,0
544,-1.145702,1
545,-1.171894,0
546,0.458988,0
547,-0.449605,0
548,0.405217,1
549,-1.055752,0
550,-1.405972,0
551,0.30099,1
552,-0.393005,1
553,-2.986052,0
554,2.576893,0
555,-0.993239,1
556,0.340122,0
557,-3.148584,0
558,0.361267,0
559,0.638484,0
560,0.168734,0
561,-2.536204,0
562,-2.094815,0
563,1.511212,0
564,1.099638,0
565,0.777742,0
566,-1.572837,0
567,-0.57869,0
568,-0.98624,0
569,-5.130575,0
570,-2.224129,0
571,-0.727569,0
572,0.335855,0
573,-0.007239,0
574,-2.983298,0
575,1.103799,1
576,-1.74245,0
577,-2.347541,0
578,-2.700582,0
579,-0.919203,0
580,1.77894,1
581,2.628577,1
582,1.168867,1
583,-2.061572,0
584,0.10999,1
585,0.640268,0
586,-2.16942,0
587,0.522542,1
588,-1.344766,1
589,0.23374,0
590,-2.448455,0
591,-1.203854,0
592,-2.875945,0
593,-0.19217,0
594,-0.602751,0
595,-0.682595,0
596,-1.981893,0
597,-2.770639,0
598,-0.746119,0
599,-1.731999,0
600,-0.10052,0
601,-2.797582,0
602,1.48909,1
603,-1.670177,1
604,-0.499385,0
605,-4.068897,0
606,-0.980849,1
607,-0.501865,1
608,-2.226686,0
609,-1.887685,0
610,0.144036,1
611,-2.853038,0
612,-2.98071,0
613,-3.060855,0
614,0.546664,0
615,-0.839834,0
616,-2.242239,0
617,-1.233664,0
618,-2.285076,0
619,0.434119,0
620,-0.689376,0
621,0.094083,1
622,-0.035304,0
623,-1.109436,0
624,-0.500893,0
625,-1.119766,0
626,-2.751172,0
627,-0.954643,0
628,-2.412115,0
629,0.207522,1
630,2.112332,1
631,-4.60241,0
632,-1.248909,1
633,-0.26201,0
634,-1.278382,0
635,-0.826213,0
636,-0.402348,0
637,1.878913,1
638,-3.012691,0
639,-1.814224,0
640,-1.207319,0
641,-2.366361,0
642,-0.739728,0
643,-2.187974,0
644,-1.401679,0
645,-2.777181,0
646,-1.70221,0
647,0.656931,0
648,-1.268432,0
649,-1.314156,0
650,-2.62956,0
651,-3.494197,0
652,1.800322,0
653,0.967327,0
654,-1.310784,0
655,-2.352856,0
656,-1.506215,0
657,-1.888683,0
658,0.077751,1
659,0.129795,1
660,-1.144963,0
661,-1.806653,0
662,-0.307629,1
663,-1.895587,1
664,-1.646532,0
665,-3.093871,0
666,0.298305,1
667,-1.331554,0
668,0.901237,0
669,-0.554272,0
670,-3.761536,0
671,-0.070235,0
672,-1.531085,0
673,-1.330965,0
674,0.636127,0
675,-0.320146,1
676,-1.521267,0
677,-1.699407,0
678,-1.874388,0
679,-1.277059,0
680,-1.973476,0
681,-0.600573,0
682,-0.895541,0
683,-2.529312,0
684,-1.807659,0
685,-2.425738,0
686,-2.321405,0
687,-2.398026,0
688,0.935672,1
689,0.080172,0
690,-0.613998,0
691,-0.691405,0
692,-3.810453,0
693,-2.820608,0
694,-3.023672,0
695,0.287,0
696,-0.134361,0
697,0.028423,1
698,-2.854009,0
699,-2.045966,0
700,-1.311888,1
701,0.31208,1
702,-4.056211,1
703,-0.821875,1
704,-1.030254,0
705,-1.184793,0
706,-1.570142,0
707,0.061731,0
708,0.630878,0
709,-3.312922,0
710,-2.58076,0
711,-0.871155,0
712,-1.410954,0
713,-1.026143,0
714,-2.750016,1
715,-0.72176,0
716,-2.030133,0
717,-1.638558,0
718,-0.970739,0
719,1.948987,1
720,-2.100962,0
721,-3.825214,0
722,-0.788175,1
723,-1.078836,0
724,0.068647,0
725,-0.458369,0
726,-3.272585,0
727,-1.446288,0
728,-0.985769,0
729,-1.229618,0
730,-0.800831,1
731,-0.454032,0
732,-2.067159,0
733,-0.438111,0
734,-1.417955,0
735,-0.429396,0
736,2.177503,0
737,0.084232,1
738,-0.100109,1
739,2.051068,0
740,-3.073959,0
741,0.092856,0
742,-2.49442,0
743,0.348874,1
744,-1.466778,1
745,-0.707803,0
746,-0.182558,1
747,-0.220578,0
748,0.988552,0
749,-3.42085,0
750,-1.603935,0
751,-0.142838,0
752,-0.918974,0
753,-0.637094,0
754,-3.749019,0
755,-0.574254,0
756,-0.40807,0
757,-0.560084,1
758,0.503293,0
759,-1.084105,0
760,-0.222284,0
761,-1.073687,0
762,-2.276512,0
763,0.664628,0
764,0.865198,1
765,-2.817188,0
766,2.161971,1
767,0.570717,0
768,-2.114319,0
769,-2.336183,0
770,-0.014178,0
771,1.342054,1
772,-1.589143,0
773,0.371616,0
774,-0.961603,0
775,-1.661441,0
776,-2.963411,0
777,0.403949,0
778,0.371609,1
779,0.112195,0
780,-0.368521,0
781,-0.188334,1
782,-0.702298,0
783,0.461864,0
784,0.078587,0
785,-1.648139,0
786,-1.722612,0
787,-0.989349,0
788,-1.287147,0
789,-1.689239,0
790,0.423531,0
791,-1.140007,0
792,0.873895,0
793,-1.826274,0
794,1.117538,0
795,-1.443892,0
796,1.027422,1
797,0.212302,0
798,-0.751899,0
799,-0.3336,1
800,-1.022282,0
801,-0.496839,0
802,1.214307,1
803,-1.299352,0
804,0.529017,0
805,-0.314854,0
806,-0.563403,0
807,0.270525,0
808,-3.239238,0
809,-0.325065,1
810,-3.84592,0
811,-2.368241,0
812,-1.437812,0
813,-0.950947,0
814,-0.213167,1
815,-4.403345,0
816,-2.965871,0
817,-2.368603,0
818,1.446078,0
819,-0.20044,0
820,0.048708,0
821,1.750471,1
822,-5.110904,0
823,-2.355107,0
824,-2.248433,0
825,-1.157637,0
826,1.329357,1
827,-0.824748,1
828,-0.946444,0
829,1.767259,1
830,0.851054,0
831,-0.317424,0
832,-1.893618,0
833,0.712299,0
834,-0.290727,0
835,-0.782251,0
836,-1.902406,0
837,-0.598747,0
838,-0.964114,0
839,-2.905664,0
840,0.959975,1
841,-1.53742,0
842,-0.286575,0
843,-1.713867,0
844,-2.239988,0
845,-0.799238,0
846,-1.809296,0
847,-1.495852,0
848,-1.966178,0
849,1.468233,0
850,0.246779,0
851,-0.1163,0
852,-0.435792,0
853,-1.839087,0
854,-1.540965,0
855,-1.182118,0
856,-0.235194,1
857,-1.768555,0
858,-1.687743,0
859,-0.557376,1
860,-2.014533,0
861,0.864802,0
862,1.407006,1
863,-0.81318,0
864,-2.514772,0
865,0.245936,0
866,0.886716,0
867,-2.530007,0
868,-0.353283,0
869,0.871502,1
870,-0.093638,0
871,-2.002182,1
872,1.426133,0
873,-0.604362,1
874,-2.095092,0
875,-0.917059,0
876,-3.076843,0
877,0.35892,0
878,-2.368005,0
879,-2.214823,0
880,2.417394,1
881,-2.303163,0
882,-2.094179,1
883,-0.890736,0
884,0.585158,0
885,1.028999,0
886,-2.465687,0
887,-0.181195,0
888,-0.390361,0
889,-2.573856,0
890,-2.254499,0
891,0.228826,0
892,-0.515115,1
893,-3.43507,0
894,-0.802489,0
895,1.232704,1
896,-1.848437,0
897,-2.676353,0
898,-3.098079,0
899,0.601263,1
900,0.590338,0
901,-1.949613,0
902,-0.035216,0
903,-0.362643,0
904,-0.043095,0
905,1.009745,1
906,-1.187166,0
907,-1.291312,1
908,-1.044536,0
909,0.565513,0
910,-2.118442,0
911,1.073834,0
912,0.435798,0
913,0.227703,1
914,-0.031791,0
915,0.11614,0
916,-0.380291,1
917,3.290816,1
918,-3.368167,0
919,-1.727347,0
920,-1.817106,0
921,-0.33954,1
922,-1.295706,0
923,-2.660918,0
924,-3.204999,0
925,-0.536832,0
926,-2.615589,0
927,0.245771,1
928,-1.982401,0
929,-3.321955,0
930,-1.4539,0
931,-2.030001,0
932,-1.385913,0
933,-3.906254,0
934,-0.737142,0
935,0.093793,1
936,-1.292606,0
937,-0.366583,1
938,-1.32366,0
939,-2.858227,0
940,-3.185928,0
941,-0.873385,0
942,-0.271957,1
943,-1.426022,0
944,-1.872993,1
945,-3.16481,0
946,-0.360858,0
947,-3.752562,0
948,-1.237528,0
949,-0.558471,0
950,-2.076833,0
951,-2.280143,0
952,-0.48381,0
953,-0.341203,0
954,-2.982596,0
955,-0.551509,0
956,-0.859749,1
957,-1.510087,0
958,-1.265171,0
959,-1.68427,0
960,-4.782851,0
961,-0.561756,0
962,-3.258415,0
963,-1.270123,0
964,-0.038999,0
965,0.504167,1
966,-4.184818,0
967,0.67668,1
968,-2.451728,0
969,-1.798817,0
970,-1.406876,0
971,-1.603298,0
972,0.762662,0
973,-1.144854,1
974,-0.422576,1
975,0.405791,1
976,-0.575698,0
977,2.804397,0
978,0.129493,1
979,-0.247681,0
980,-0.881591,0
981,0.236103,0
982,-1.842501,0
983,-0.056049,1
984,-1.069117,0
985,-1.008962,0
986,-1.449382,0
987,-0.945385,0
988,-2.818703,0
989,-2.617114,0
990,-2.563158,0
991,0.005693,0
992,-2.481684,0
993,1.74317,0
994,-1.657428,0
995,-2.107797,0
996,-0.793717,1
997,0.800851,0
998,0.055625,0
999,-0.652204,0
1000,0.119407,0
1001,-1.088478,1
1002,-0.461193,0
1003,-1.390439,1
1004,0.361999,1
1005,-3.047012,0
1006,-0.662797,1
1007,0.946847,0
1008,-0.486992,0
1009,-3.898886,0
1010,0.048061,0
1011,-3.713498,0
1012,-1.379444,0
1013,-2.040795,0
1014,-2.265325,1
1015,-2.334619,0
1016,-0.561204,0
1017,0.524696,1
1018,-1.264229,0
1019,-2.184729,0
1020,-1.431271,0
1021,-2.881742,0
1022,-0.059886,0
1023,-0.253912,0
1024,-1.143635,0
1025,0.253742,0
1026,0.201676,0
1027,-1.605948,0
1028,0.813992,1
1029,0.179337,0
1030,-1.27023,0
1031,-1.132516,0
1032,-3.070586,1
1033,-1.956098,0
1034,-0.878372,1
1035,-1.469248,0
1036,-1.158189,1
1037,-0.630531,0
1038,-1.603974,0
1039,-1.617055,0
1040,-0.648211,0
1041,1.785855,1
1042,-3.426769,0
1043,-0.622252,0
1044,-0.414148,0
1045,-1.201227,0
1046,-1.258867,0
1047,-0.210922,0
1048,-0.61189,0
1049,-0.427632,0
1050,-1.608401,1
1051,0.735948,1
1052,-1.335976,0
1053,-0.934164,0
1054,-1.647613,1
1055,0.162302,0
1056,-0.447,0
1057,-0.141637,0
1058,-1.860815,0
1059,-2.406578,0
1060,-2.629769,0
1061,0.288427,0
1062,0.154924,0
1063,-1.074378,0
1064,0.211271,0
1065,-0.303874,1
1066,0.032684,0
1067,0.642986,1
1068,-0.806965,1
1069,-0.377268,0
1070,1.115661,0
1071,-3.157509,0
1072,-2.124424,0
1073,-1.518828,0
1074,-1.546794,0
1075,0.127181,1
1076,1.993895,0
1077,1.177543,0
1078,-1.416547,0
1079,-1.318333,0
1080,-0.584013,0
1081,-0.229744,0
1082,1.017411,0
1083,-1.223266,0
1084,0.803753,0
1085,-2.025947,0
1086,-2.685258,1
1087,0.065747,1
1088,-1.254319,1
1089,-2.590254,0
1090,1.830362,0
1091,-0.495741,0
1092,-1.660847,0
1093,-1.749599,0
1094,-2.455248,0
1095,-0.775952,0
1096,-0.57548,0
1097,-1.77841,1
1098,-0.851145,0
1099,-3.367866,0
1100,0.139596,0
1101,-0.671204,1
1102,-2.516463,0
1103,0.575646,0
1104,0.51895,0
1105,-2.202911,0
1106,-0.788393,0
1107,0.499547,1
1108,-0.897882,0
1109,-1.00101,0
1110,-1.134273,0
1111,-3.011787,0
1112,0.603676,0
1113,0.303377,0
1114,0.069335,0
1115,-1.390939,0
1116,1.863173,1
1117,-0.247725,0
1118,-1.265215,0
1119,-3.910709,0
1120,-1.241433,0
1121,-2.934433,0
1122,-1.796706,0
1123,-0.887549,0
1124,-0.530759,0
1125,1.008556,0
1126,-2.128355,0
1127,-2.458083,0
1128,-3.174003,0
1129,0.01258,1
1130,-2.318777,0
1131,2.049418,1
1132,-0.353069,1
1133,-0.705677,0
1134,0.183682,0
1135,0.736003,0
1136,1.322616,1
1137,-3.763171,0
1138,0.117398,1
1139,-2.143706,0
1140,-0.858805,0
1141,-0.522988,0
1142,-3.27498,0
1143,1.056066,1
1144,0.87494,0
1145,-0.736566,0
1146,-2.41651,0
1147,-0.274483,1
1148,-2.000509,0
1149,-0.296285,0
1150,-1.893424,0
1151,-2.738043,0
1152,-1.223354,0
1153,-2.165868,0
1154,-1.831241,0
1155,-2.21266,1
1156,-0.976518,0
1157,0.079654,1
1158,-4.841285,0
1159,-0.750192,0
1160,-2.790207,0
1161,-2.856304,0
1162,-1.335264,1
1163,-0.288736,0
1164,-2.220727,0
1165,0.057998,0
1166,-2.082763,0
1167,-1.319834,0
1168,-2.279349,0
1169,0.533431,1
1170,1.528304,1
1171,-0.064073,0
1172,-1.662188,0
1173,-0.158452,0
1174,-1.968109,1
1175,1.616946,1
1176,0.642558,0
1177,-1.99843,0
1178,-1.443353,0
1179,0.320966,0
1180,-4.231906,0
1181,0.894019,1
1182,-0.185672,0
1183,2.491251,0
1184,-2.05243,0
1185,-2.020974,0
1186,0.704599,1
1187,-4.287512,0
1188,-0.038619,0
1189,1.578905,0
1190,-2.783399,0
1191,-1.38385,0
1192,0.352888,1
1193,-0.635772,0
1194,-1.254734,0
1195,-1.394846,0
1196,-1.244757,0
1197,-0.53508,0
1198,-5.07554,0
1199,2.023497,1
1200,-2.022874,0
1201,-2.782097,0
1202,0.168332,0
1203,-1.008003,1
1204,-0.876384,1
1205,-1.02747,0
1206,-1.0277,0
1207,-4.066515,0
1208,1.423596,0
1209,-0.761626,0
1210,-0.862396,0
1211,-0.718674,0
1212,-3.755699,0
1213,-2.180517,1
1214,-1.682932,0
1215,-1.095402,0
1216,-0.857931,0
1217,-1.069178,0
1218,-3.799213,0
1219,-2.117055,0
1220,1.17751,0
1221,-0.952929,0
1222,-2.218129,0
1223,0.715865,0
1224,-0.972743,0
1225,0.684129,0
1226,-1.435172,0
1227,-2.960513,0
1228,0.352356,0
1229,-2.003822,0
1230,-0.423121,0
1231,-3.982251,0
1232,1.976072,0
1233,-1.49392,1
1234,0.033636,0
1235,0.544248,1
1236,-2.526664,0
1237,-2.502148,0
1238,-0.537289,0
1239,-0.495256,0
1240,0.939194,0
1241,-2.490052,1
1242,-0.376899,1
1243,-0.354439,0
1244,1.431672,0
1245,-2.204802,0
1246,-0.770332,0
1247,-1.203576,0
1248,-2.318133,0
1249,-0.131802,1
1250,-3.03904,0
1251,0.386384,1
1252,0.351393,0
1253,0.649478,0
1254,-2.518646,0
1255,-0.559413,0
1256,-1.519826,1
1257,2.545701,1
1258,-1.541839,0
1259,-0.820908,0
1260,-2.661841,0
1261,-2.211599,0
1262,-2.742139,0
1263,-2.320395,0
1264,-0.708227,1
1265,0.835019,1
1266,0.179758,1
1267,0.031968,1
1268,-1.894013,1
1269,-1.708624,0
1270,-0.793551,0
1271,-1.155317,0
1272,2.418647,0
1273,-1.539244,0
1274,-4.222382,0
1275,-1.80661,0
1276,-1.839976,0
1277,-3.693588,0
1278,-2.613862,0
1279,0.270875,0
1280,-2.22686,0
1281,0.189151,1
1282,-0.231843,0
1283,-0.301211,1
1284,-2.841817,0
1285,0.924732,0
1286,-1.144923,1
1287,-0.418651,0
1288,2.417315,1
1289,-0.989932,0
1290,-0.199509,0
1291,-4.05033,0
1292,-1.550773,0
1293,-2.347246,0
1294,-1.335132,0
1295,0.693141,0
1296,-2.31484,0
1297,-0.145324,1
1298,-2.485949,1
1299,0.807131,0
1300,-1.309506,0
1301,-0.917479,0
1302,-3.52492,0
1303,-1.68156,0
1304,-1.011842,0
1305,-0.223211,0
1306,0.082976,1
1307,-0.571979,0
1308,-2.499284,0
1309,0.588314,0
1310,-0.290176,1
1311,-2.584468,0
1312,1.344538,0
1313,1.420378,1
1314,-0.510885,0
1315,-1.033935,0
1316,-3.035903,0
1317,-3.395629,0
1318,0.463262,0
1319,-0.488406,0
1320,-1.725138,0
1321,1.192217,1
1322,-1.199575,0
1323,-0.037062,0
1324,-1.742791,0
1325,-3.116178,0
1326,-1.061626,0
1327,-3.335915,0
1328,-2.437888,1
1329,-2.432036,0
1330,-0.226586,0
1331,-0.225187,0
1332,0.701266,1
1333,-0.291463,1
1334,0.21588,1
1335,-2.767408,0
1336,-1.513421,1
1337,-2.169798,0
1338,-2.592354,0
1339,-2.054765,1
1340,-0.594139,0
1341,-0.163117,0
1342,0.480345,1
1343,-2.207824,0
1344,-0.926006,0
1345,-2.503166,1
1346,-1.057293,0
1347,-0.381695,0
1348,0.116421,0
1349,-0.243359,0
1350,-4.781874,0
1351,-1.5149,0
1352,-1.736132,1
1353,-2.708908,0
1354,-0.844743,0
1355,-0.701253,1
1356,-2.431288,0
1357,0.694305,0
1358,-0.647694,0
1359,-0.036132,0
1360,-0.766402,0
1361,1.102536,0
1362,-0.136735,1
1363,-0.355279,0
1364,-4.020094,0
1365,0.321751,0
1366,-0.040357,0
1367,-2.160077,0
1368,-1.833082,0
1369,2.380323,1
1370,-1.773299,0
1371,-0.797801,0
1372,-3.358923,0
1373,-3.19935,0
1374,-1.202312,0
1375,-3.231467,0
1376,-0.366863,0
1377,-1.084636,0
1378,0.538052,0
1379,-1.138136,0
1380,-1.951624,0
1381,-2.32895,0
1382,-0.520216,1
1383,2.128825,1
1384,-2.683788,0
1385,-2.046653,0
1386,1.858361,1
1387,-0.654609,0
1388,1.439774,0
1389,-2.036252,0
1390,-2.581786,0
1391,-3.40498,0
1392,0.342631,1
1393,-1.789332,0
1394,-2.754379,0
1395,0.071994,0
1396,-2.250286,0
1397,-1.370667,0
1398,-3.146304,0
1399,-2.135158,0
1400,0.01473,1
1401,-1.766648,0
1402,-0.61361,0
1403,2.223668,1
1404,-1.035048,0
1405,-1.662105,0
1406,-1.26307,0
1407,-1.169301,0
1408,-2.683566,1
1409,-2.636194,0
1410,-2.608816,0
1411,-0.913009,1
1412,0.580363,0
1413,-1.358577,0
1414,-1.020004,0
1415,-0.912305,0
1416,-2.726968,0
1417,-1.061329,0
1418,-1.295649,0
1419,-1.3463,0
1420,-0.383299,0
1421,0.284633,1
1422,-0.439093,0
1423,0.944477,1
1424,0.932386,0
1425,-0.474599,0
1426,0.415002,0
1427,-1.607125,0
1428,-0.504977,0
1429,-1.590679,0
1430,-1.181113,0
1431,-3.020702,0
1432,-0.787816,1
1433,-4.462646,0
1434,0.782334,1
1435,0.609974,1
1436,-1.373775,0
1437,-0.861822,0
1438,-3.924005,0
1439,-2.495271,0
1440,-0.939169,0
1441,0.25963,0
1442,-0.261517,0
1443,-0.896504,0
1444,-3.016648,0
1445,1.826685,1
1446,-2.347308,0
1447,-3.009472,0
1448,-1.408199,0
1449,-2.498177,1
1450,-3.332488,0
1451,-2.462281,0
1452,-1.500014,0
1453,0.700652,0
1454,-0.466704,0
1455,-2.668245,0
1456,1.473897,0
1457,0.568975,0
1458,2.223703,1
1459,0.781639,0
1460,-0.963428,0
1461,-1.172765,0
1462,-0.846421,0
1463,-0.541169,0
1464,-0.457639,0
1465,-1.407571,0
1466,-1.309692,0
1467,0.461175,1
1468,-2.181249,1
1469,-1.668103,0
1470,-2.49332,0
1471,-1.06728,1
1472,0.013315,0
1473,-3.274436,0
1474,-3.413542,0
1475,-1.852668,0
1476,-3.68457,0
1477,-2.197848,0
1478,-0.344874,0
1479,-3.36285,0
1480,-2.504201,0
1481,-2.48805,0
1482,-0.497421,0
1483,-0.279538,0
1484,-0.543497,1
1485,-1.112824,0
1486,-0.427527,1
1487,0.27653,0
1488,1.094574,0
1489,-0.228526,1
1490,-1.633454,0
1491,-1.041246,0
1492,-1.929294,0
1493,-0.353276,1
1494,0.272781,0
1495,-0.71371,0
1496,1.0766,0
1497,0.979847,0
1498,-0.905023,0
1499,-2.684937,1
1500,-2.809069,0
1501,-2.337609,0
1502,1.103196,1
1503,0.693035,0
1504,-0.974155,0
1505,-0.170713,0
1506,0.582538,1
1507,0.568897,0
1508,1.236956,1
1509,-1.443281,0
1510,-3.021709,0
1511,-0.006831,0
1512,0.526862,0
1513,-0.924452,0
1514,-2.394255,0
1515,-1.965167,0
1516,-2.938352,0
1517,-2.676794,0
1518,0.298846,1
1519,-1.289998,0
1520,0.304316,1
1521,-3.246416,0
1522,0.716207,0
1523,-3.318657,0
1524,0.069268,1
1525,-2.332079,0
1526,-0.338096,0
1527,-2.975526,0
1528,0.48249,1
1529,1.908086,0
1530,0.380314,0
1531,-3.230716,0
1532,0.379486,0
1533,0.308313,0
1534,-2.122838,0
1535,-2.31997,0
1536,-1.87168,0
1537,-0.925414,0
1538,-2.44126,0
1539,-0.800607,0
1540,-0.288994,0
1541,-2.589078,0
1542,1.312524,1
1543,0.099308,0
1544,-1.841525,1
1545,-2.980827,0
1546,-1.834629,0
1547,-2.522576,0
1548,0.169419,0
1549,1.304227,1
1550,-3.328507,0
1551,-1.02935,0
1552,-1.605074,1
1553,-0.352789,0
1554,0.0012,0
1555,-2.512666,0
1556,1.022329,1
1557,-0.895828,0
1558,-0.230101,0
1559,-2.301655,0
1560,-4.037212,0
1561,0.09384,0
1562,-0.869564,0
1563,-2.615762,1
1564,-2.412314,0
1565,-3.169146,0
1566,-2.88388,0
1567,0.873132,0
1568,-0.059521,0
1569,-0.101261,0
1570,-0.868471,0
1571,-1.350037,0
1572,-3.303765,0
1573,-0.692719,1
1574,0.741507,1
1575,1.173138,0
1576,-0.592649,0
1577,-4.216014,0
1578,0.626404,1
1579,-0.242626,0
1580,-0.161351,1
1581,-1.217793,0
1582,0.347589,1
1583,-2.188177,0
1584,-1.420053,0
1585,1.67915,1
1586,1.226265,0
1587,-4.105364,0
1588,0.446766,0
1589,-0.13427,0
1590,0.586105,1
1591,0.58621,0
1592,0.016298,0
1593,-3.022362,0
1594,-0.397059,0
1595,-1.94655,0
1596,0.021419,0
1597,-3.027317,0
1598,-0.748097,0
1599,-2.649447,0
1600,0.016656,0
1601,0.579831,0
1602,-1.078341,0
1603,-1.24613,0
1604,0.727248,0
1605,-2.505988,0
1606,-1.171224,0
1607,1.508375,1
1608,0.386447,0
1609,0.258368,1
1610,1.306097,1
1611,-1.377812,1
1612,0.463248,0
1613,-2.565336,0
1614,-1.253452,1
1615,-0.34523,1
1616,2.26423,1
1617,-0.897984,1
1618,-0.214483,0
1619,-0.088333,0
1620,-1.843158,0
1621,-2.281721,0
1622,-1.342673,0
1623,-0.077634,0
1624,2.464393,0
1625,-2.352172,0
1626,-0.773114,0
1627,0.164625,1
1628,-1.007673,0
1629,-1.65675,0
1630,-0.43025,0
1631,-1.044497,0
1632,-0.130416,1
1633,-0.891769,0
1634,0.441569,0
1635,-0.251877,1
1636,-0.42493,1
1637,0.975663,0
1638,-0.986604,0
1639,1.048766,0
1640,0.363195,0
1641,1.803563,1
1642,-1.810655,0
1643,-1.556314,0
1644,-4.594413,0
1645,-0.526524,1
1646,0.321476,1
1647,2.07364,1
1648,-0.967097,1
1649,-1.048688,0
1650,-0.613861,0
1651,-0.233603,0
1652,-1.667914,0
1653,-0.346753,1
1654,-4.40393,0
1655,0.804125,0
1656,-3.547315,0
1657,1.249401,0
1658,-1.925534,1
1659,-4.381182,0
1660,-0.752291,0
1661,0.719124,1
1662,0.864637,1
1663,-0.764151,1
1664,0.634627,1
1665,-0.873937,0
1666,-0.969081,0
1667,-1.353798,1
1668,-2.626784,0
1669,1.085547,0
1670,0.162212,1
1671,0.040975,0
1672,-0.68019,0
1673,-0.023425,0
1674,-1.036069,0
1675,-1.615388,1
1676,0.011508,1
1677,-3.475444,0
1678,-3.623786,0
1679,-1.178695,1
1680,-0.30834,1
1681,-0.562856,0
1682,1.645352,1
1683,0.096931,0
1684,-0.601249,1
1685,0.335913,0
1686,-1.877553,0
1687,-2.608567,0
1688,0.007218,1
1689,-0.509851,1
1690,-2.129997,0
1691,-1.484228,0
1692,-0.55217,0
1693,-0.473587,1
1694,0.151507,0
1695,0.255541,0
1696,-1.240024,1
1697,-0.284344,0
1698,-0.81021,0
1699,-1.091663,1
1700,-1.433393,0
1701,-1.946463,0
1702,1.254703,0
1703,-3.540268,0
1704,-2.40373,0
1705,-1.236356,0
1706,-2.522951,1
1707,-1.454607,0
1708,-0.716809,0
1709,-1.475887,0
1710,1.149859,0
1711,-1.38817,0
1712,-2.059052,0
1713,2.095875,1
1714,-0.173326,0
1715,2.348609,0
1716,-1.643684,0
1717,-2.567435,0
1718,1.45561,1
1719,-1.485142,0
1720,-0.30992,0
1721,-1.53009,0
1722,-2.473794,0
1723,0.183325,0
1724,-1.738951,0
1725,-0.755221,0
1726,-2.538554,0
1727,0.347025,0
1728,-3.750992,0
1729,-0.744294,0
1730,-3.325005,0
1731,-0.352533,1
1732,-2.387812,0
1733,-0.464222,0
1734,-1.334584,0
1735,-1.09614,0
1736,0.296109,1
1737,0.530083,0
1738,-1.157799,0
1739,0.391739,0
1740,0.594707,0
1741,-1.801713,0
1742,-0.724496,1
1743,-0.509475,1
1744,-0.415772,0
1745,-1.878861,0
1746,-0.718474,0
1747,-1.010329,0
1748,-1.271534,0
1749,-3.187262,0
1750,-0.698079,0
1751,-1.343943,0
1752,0.055362,0
1753,-2.822736,0
1754,-0.321149,0
1755,-2.070362,0
1756,-2.6836,0
1757,-0.739302,0
1758,0.036083,0
1759,-3.434022,0
1760,-1.441392,0
1761,-1.973669,0
1762,-1.778525,0
1763,-0.334813,0
1764,0.465736,0
1765,0.311099,1
1766,-1.832693,0
1767,-0.751682,0
1768,-1.010188,1
1769,-3.297585,0
1770,-0.350738,0
1771,-1.886476,0
1772,-1.775747,1
1773,0.833364,1
1774,0.695228,0
1775,0.062532,1
1776,0.276785,1
1777,-1.120137,0
1778,-2.184838,0
1779,-1.882706,0
1780,-0.475531,1
1781,-0.020359,1
1782,-0.93085,0
1783,-1.307169,0
1784,0.173264,0
1785,0.089106,0
1786,-0.587433,0
1787,-2.69461,0
1788,-2.174393,0
1789,0.649222,0
1790,0.081122,0
1791,-0.757722,0
1792,1.084944,0
1793,-2.101661,0
1794,1.57533,1
1795,1.393622,0
1796,-1.845021,1
1797,-0.27422,1
1798,-3.373667,0
1799,-1.867905,0
1800,-1.20835,0
1801,2.149381,0
1802,-1.654678,0
1803,-0.067808,0
1804,-0.302025,0
1805,-3.218812,0
1806,-1.695363,0
1807,-1.706289,0
1808,-2.490453,0
1809,-2.898788,0
1810,-1.049745,0
1811,1.587174,1
1812,-1.856947,0
1813,-1.423987,0
1814,-1.110316,0
1815,0.530929,0
1816,-0.318712,0
1817,-1.463602,0
1818,-2.010195,0
1819,-2.236533,0
1820,-0.516173,0
1821,-0.840634,0
1822,-1.116241,1
1823,-0.727912,0
1824,-0.025563,0
1825,-1.366101,0
1826,-1.811976,0
1827,-0.369261,1
1828,-0.724973,0
1829,-0.488265,1
1830,-2.143329,0
1831,-0.819099,0
1832,-2.32813,0
1833,1.525148,1
1834,-0.670784,0
1835,-1.397879,0
1836,-2.976151,0
1837,-0.906277,0
1838,-0.527249,0
1839,-1.80808,1
1840,-3.442187,0
1841,-2.538153,1
1842,0.567073,0
1843,-1.259019,0
1844,-1.500794,0
1845,-2.867373,0
1846,-0.164243,0
1847,-0.770089,0
1848,-0.127253,0
1849,-0.49867,0
1850,-2.142865,0
1851,-2.764647,1
1852,-0.115033,0
1853,-1.695378,1
1854,-2.604405,0
1855,-0.272363,0
1856,-1.366868,0
1857,-0.102506,0
1858,-1.414471,0
1859,-1.125014,0
1860,0.082043,0
1861,-1.706206,1
1862,-2.224825,0
1863,-0.943928,1
1864,-2.021539,0
1865,-1.979147,0
1866,-1.712788,1
1867,-1.854037,0
1868,2.723898,1
1869,-3.294164,0
1870,2.578209,1
1871,-1.665052,0
1872,-0.741579,0
1873,-1.030179,1
1874,-0.1434,0
1875,-2.00839,0
1876,1.383366,0
1877,-0.106651,0
1878,-1.216986,0
1879,-1.398539,0
1880,-2.147627,0
1881,-2.088375,0
1882,-1.083036,0
1883,-0.57138,0
1884,-0.393134,0
1885,-0.909877,0
1886,-2.360449,0
1887,-2.528035,0
1888,-3.359777,0
1889,-1.263145,1
1890,-1.627755,0
1891,0.523198,0
1892,-2.285106,0
1893,-0.092396,0
1894,-0.248442,0
1895,-1.868748,0
1896,-0.048258,0
1897,-0.090609,1
1898,-2.702019,0
1899,-2.738565,0
1900,-2.789739,0
1901,3.578509,1
1902,1.713122,1
1903,-1.16896,0
1904,1.052532,0
1905,-0.984548,1
1906,-2.193854,0
1907,-3.230428,0
1908,-0.740798,1
1909,-2.307909,0
1910,-0.853686,0
1911,0.225437,0
1912,-0.914158,1
1913,-0.595339,0
1914,0.204362,0
1915,-1.14866,0
1916,-3.379362,0
1917,-2.474375,0
1918,0.414782,1
1919,-1.760462,0
1920,-3.843845,0
1921,-0.354168,1
1922,0.883264,0
1923,-1.01071,0
1924,-1.491903,0
1925,-3.742626,0
1926,1.029911,1
1927,-1.842666,0
1928,-1.925382,0
1929,-2.398676,0
1930,-1.52658,0
1931,-1.066774,0
1932,-1.462258,0
1933,-2.906059,0
1934,-4.520183,0
1935,-2.179703,0
1936,-1.739706,0
1937,1.244701,1
1938,0.301562,0
1939,0.815957,1
1940,0.230568,1
1941,-1.594951,0
1942,1.024032,1
1943,-3.459881,0
1944,-0.136521,1
1945,-2.722405,0
1946,-0.192084,0
1947,-1.861123,0
1948,0.316932,1
1949,-1.597731,0
1950,-2.019252,0
1951,0.58249,0
1952,-4.040612,0
1953,-0.77898,1
1954,1.742309,1
1955,-0.98307,0
1956,-1.101418,0
1957,-0.757427,0
1958,-0.049687,0
1959,-0.469201,0
1960,-0.165863,0
1961,-1.161047,0
1962,-0.919132,1
1963,-0.52185,0
1964,0.266499,1
1965,0.058789,1
1966,0.858247,0
1967,-2.07202,0
1968,-0.780601,0
1969,-2.65499,0
1970,-1.51798,0
1971,-0.77255,1
1972,-2.527516,1
1973,-0.314248,1
1974,-3.089625,0
1975,-2.409622,0
1976,-1.22415,0
1977,-1.787716,0
1978,-0.641878,0
1979,-1.808605,0
1980,-1.456818,0
1981,-1.780012,0
1982,0.294034,0
1983,-0.721038,0
1984,1.010182,1
1985,-0.075649,1
1986,-1.085306,0
1987,-1.167018,0
1988,-0.506199,0
1989,-0.982696,0
1990,-0.905563,0
1991,-0.846953,0
1992,-3.218511,0
1993,0.684772,1
1994,0.468817,1
1995,-1.105056,0
1996,-1.825677,0
1997,-1.708572,0
1998,-0.329527,0
1999,-0.663279,0
2000,-2.364294,0
