id,dose,outcome
1,0,0
2,0,0
3,0,0
4,0,0
5,0,0
6,0,0
7,0,0
8,0,0
9,0,0
10,0,0
11,0,0
12,0,0
13,0,1
14,0,0
15,0,0
16,0,0
17,0,0
18,0,1
19,0,0
20,0,0
21,0,0
22,0,0
23,0,0
24,0,1
25,0,1
26,0,0
27,0,0
28,0,0
29,0,0
30,0,0
31,0,0
32,0,0
33,0,0
34,0,0
35,0,0
36,0,0
37,0,0
38,0,1
39,0,0
40,0,0
41,0,0
42,0,0
43,0,0
44,0,1
45,0,0
46,0,0
47,0,0
48,0,0
49,0,0
50,0,0
51,0,1
52,0,0
53,0,0
54,0,0
55,0,0
56,0,0
57,0,0
58,0,0
59,0,1
60,0,0
61,0,0
62,0,0
63,0,0
64,0,0
65,0,1
66,0,0
67,0,0
68,0,0
69,0,0
70,0,0
71,0,0
72,0,0
73,0,0
74,0,0
75,0,0
76,0,0
77,0,0
78,0,1
79,0,0
80,0,1
81,0,0
82,0,0
83,0,0
84,0,0
85,0,1
86,0,0
87,0,0
88,0,0
89,0,0
90,0,0
91,0,0
92,0,0
93,0,0
94,0,0
95,0,0
96,0,0
97,0,0
98,0,0
99,0,0
100,0,1
101,0,0
102,0,0
103,0,1
104,0,0
105,0,0
106,0,0
107,0,0
108,0,0
109,0,0
110,0,0
111,0,1
112,0,0
113,0,0
114,0,0
115,0,0
116,0,0
117,0,1
118,0,0
119,0,0
120,0,0
121,0,1
122,0,0
123,0,0
124,0,0
125,0,0
126,0,0
127,0,0
128,0,0
129,0,0
130,0,0
131,0,0
132,0,0
133,0,0
134,0,0
135,0,0
136,0,0
137,0,0
138,0,1
139,0,0
140,0,0
141,0,0
142,0,0
143,0,0
144,0,0
145,0,0
146,0,0
147,0,0
148,0,0
149,0,0
150,0,0
151,1,0
152,1,0
153,1,0
154,1,0
155,1,0
156,1,0
157,1,0
158,1,0
159,1,0
160,1,1
161,1,0
162,1,1
163,1,0
164,1,0
165,1,0
166,1,1
167,1,0
168,1,0
169,1,0
170,1,0
171,1,0
172,1,0
173,1,0
174,1,0
175,1,0
176,1,0
177,1,0
178,1,1
179,1,1
180,1,0
181,1,1
182,1,0
183,1,0
184,1,0
185,1,0
186,1,1
187,1,0
188,1,0
189,1,1
190,1,0
191,1,0
192,1,0
193,1,0
194,1,0
195,1,1
196,1,0
197,1,0
198,1,1
199,1,0
200,1,0
201,1,0
202,1,0
203,1,0
204,1,1
205,1,0
206,1,0
207,1,0
208,1,0
209,1,0
210,1,0
211,1,0
212,1,0
213,1,0
214,1,0
215,1,0
216,1,0
217,1,0
218,1,0
219,1,1
220,1,0
221,1,0
222,1,0
223,1,0
224,1,0
225,1,0
226,1,0
227,1,0
228,1,0
229,1,0
230,1,1
231,1,0
232,1,0
233,1,0
234,1,1
235,1,0
236,1,0
237,1,0
238,1,0
239,1,0
240,1,0
241,1,0
242,1,1
243,1,0
244,1,0
245,1,0
246,1,0
247,1,0
248,1,0
249,1,1
250,1,0
251,1,1
252,1,1
253,1,0
254,1,0
255,1,1
256,1,0
257,1,0
258,1,0
259,1,0
260,1,0
261,1,0
262,1,0
263,1,0
264,1,0
265,1,0
266,1,0
267,1,0
268,1,1
269,1,0
270,1,0
271,1,0
272,1,0
273,1,0
274,1,1
275,1,0
276,1,0
277,1,1
278,1,0
279,1,0
280,1,0
281,1,1
282,1,1
283,1,0
284,1,0
285,1,0
286,1,0
287,1,0
288,1,0
289,1,0
290,1,0
291,1,0
292,1,0
293,1,0
294,1,0
295,1,0
296,1,0
297,1,0
298,1,0
299,1,0
300,1,0
301,2,0
302,2,0
303,2,0
304,2,0
305,2,1
306,2,0
307,2,1
308,2,0
309,2,0
310,2,0
311,2,0
312,2,0
313,2,0
314,2,1
315,2,0
316,2,0
317,2,1
318,2,0
319,2,0
320,2,0
321,2,0
322,2,1
323,2,0
324,2,0
325,2,0
326,2,1
327,2,1
328,2,0
329,2,0
330,2,1
331,2,0
332,2,0
333,2,0
334,2,0
335,2,1
336,2,1
337,2,0
338,2,1
339,2,1
340,2,0
341,2,0
342,2,0
343,2,1
344,2,0
345,2,1
346,2,0
347,2,0
348,2,0
349,2,0
350,2,0
351,2,0
352,2,0
353,2,1
354,2,0
355,2,1
356,2,1
357,2,0
358,2,0
359,2,0
360,2,1
361,2,0
362,2,0
363,2,0
364,2,0
365,2,0
366,2,0
367,2,0
368,2,0
369,2,0
370,2,0
371,2,1
372,2,0
373,2,1
374,2,1
375,2,0
376,2,0
377,2,0
378,2,0
379,2,0
380,2,0
381,2,0
382,2,0
383,2,0
384,2,0
385,2,1
386,2,1
387,2,0
388,2,1
389,2,1
390,2,1
391,2,0
392,2,0
393,2,0
394,2,0
395,2,0
396,2,0
397,2,0
398,2,0
399,2,1
400,2,0
401,2,0
402,2,0
403,2,0
404,2,0
405,2,0
406,2,1
407,2,0
408,2,0
409,2,0
410,2,0
411,2,0
412,2,0
413,2,0
414,2,0
415,2,0
416,2,0
417,2,0
418,2,0
419,2,0
420,2,0
421,2,1
422,2,1
423,2,1
424,2,0
425,2,1
426,2,0
427,2,1
428,2,0
429,2,0
430,2,0
431,2,1
432,2,0
433,2,0
434,2,0
435,2,0
436,2,0
437,2,1
438,2,0
439,2,1
440,2,0
441,2,0
442,2,1
443,2,0
444,2,0
445,2,0
446,2,1
447,2,1
448,2,0
449,2,0
450,2,1
451,3,0
452,3,1
453,3,1
454,3,0
455,3,0
456,3,1
457,3,1
458,3,1
459,3,0
460,3,0
461,3,0
462,3,1
463,3,0
464,3,0
465,3,0
466,3,1
467,3,1
468,3,1
469,3,0
470,3,0
471,3,0
472,3,1
473,3,0
474,3,0
475,3,1
476,3,0
477,3,0
478,3,0
479,3,0
480,3,0
481,3,0
482,3,0
483,3,1
484,3,0
485,3,0
486,3,1
487,3,0
488,3,0
489,3,0
490,3,1
491,3,0
492,3,0
493,3,0
494,3,0
495,3,0
496,3,1
497,3,0
498,3,0
499,3,0
500,3,1
501,3,0
502,3,1
503,3,0
504,3,0
505,3,0
506,3,1
507,3,0
508,3,0
509,3,0
510,3,0
511,3,0
512,3,0
513,3,0
514,3,0
515,3,0
516,3,0
517,3,0
518,3,1
519,3,0
520,3,0
521,3,0
522,3,1
523,3,0
524,3,1
525,3,0
526,3,0
527,3,0
528,3,0
529,3,0
530,3,0
531,3,1
532,3,0
533,3,1
534,3,1
535,3,0
536,3,0
537,3,0
538,3,0
539,3,0
540,3,1
541,3,0
542,3,1
543,3,0
544,3,0
545,3,1
546,3,0
547,3,0
548,3,0
549,3,0
550,3,1
551,3,0
552,3,1
553,3,0
554,3,0
555,3,0
556,3,0
557,3,0
558,3,0
559,3,1
560,3,1
561,3,0
562,3,1
563,3,0
564,3,0
565,3,0
566,3,0
567,3,0
568,3,1
569,3,0
570,3,0
571,3,0
572,3,0
573,3,0
574,3,0
575,3,0
576,3,1
577,3,0
578,3,0
579,3,0
580,3,0
581,3,0
582,3,0
583,3,0
584,3,0
585,3,0
586,3,0
587,3,0
588,3,0
589,3,0
590,3,1
591,3,1
592,3,1
593,3,0
594,3,0
595,3,0
596,3,0
597,3,0
598,3,0
599,3,0
600,3,1
